"","startyear","sender1","senderconstraint","targetstate","targetconstraint","sendername","targetname"
"1130",2002,200,0.0204259345953151,344,0.0214350597891245,"United Kingdom","Croatia"
"1131",2002,200,0.0204259345953151,345,NA,"United Kingdom","Yugoslavia"
"1132",2002,200,0.0204259345953151,349,0.0208050205230521,"United Kingdom","Slovenia"
"1133",2002,200,0.0204259345953151,346,0.0313598182349459,"United Kingdom","Bosnia & Herzegovina"
"1134",2002,200,0.0204259345953151,343,NA,"United Kingdom","North Macedonia"
"1135",2002,200,0.0204259345953151,640,0.0217483559828187,"United Kingdom","Turkey"
"1146",2002,230,0.0204334060079029,600,0.024972780322356,"Spain","Morocco"
"1104",2002,2,0.0204868064516239,732,0.0205625541091055,"United States","South Korea"
"1105",2002,2,0.0204868064516239,366,0.0216798663428582,"United States","Estonia"
"1106",2002,2,0.0204868064516239,130,0.0227432976856922,"United States","Ecuador"
"1107",2002,2,0.0204868064516239,94,0.02280063969329,"United States","Costa Rica"
"1108",2002,2,0.0204868064516239,54,0.02513184861889,"United States","Dominica"
"1110",2002,2,0.0204868064516239,590,0.0232479213257762,"United States","Mauritius"
"1111",2002,2,0.0204868064516239,343,NA,"United States","North Macedonia"
"1112",2002,2,0.0204868064516239,325,NA,"United States","Italy"
"1113",2002,2,0.0204868064516239,352,0.0224469586600439,"United States","Cyprus"
"1116",2002,2,0.0204868064516239,95,0.0242415900875238,"United States","Panama"
"1117",2002,2,0.0204868064516239,205,0.0205499570892031,"United States","Ireland"
"1120",2002,2,0.0204868064516239,346,0.0313598182349459,"United States","Bosnia & Herzegovina"
"1121",2002,2,0.0204868064516239,317,0.0235969567965959,"United States","Slovakia"
"1122",2002,2,0.0204868064516239,490,0.0287500266239397,"United States","Congo - Kinshasa"
"1123",2002,2,0.0204868064516239,811,0.0237463879806275,"United States","Cambodia"
"1124",2002,2,0.0204868064516239,712,0.026957809855182,"United States","Mongolia"
"1125",2002,2,0.0204868064516239,360,0.0219554373294965,"United States","Romania"
"1126",2002,2,0.0204868064516239,355,0.0216911287166113,"United States","Bulgaria"
"1127",2002,2,0.0204868064516239,652,0.0242694652730596,"United States","Syria"
"1136",2002,2,0.0204868064516239,500,0.0244439167297985,"United States","Uganda"
"1138",2002,2,0.0204868064516239,565,0.0242779705393527,"United States","Namibia"
"1139",2002,2,0.0204868064516239,367,0.0243736312665708,"United States","Latvia"
"1140",2002,2,0.0204868064516239,420,0.0279060449136317,"United States","Gambia"
"1141",2002,2,0.0204868064516239,165,0.0246768200978167,"United States","Uruguay"
"1142",2002,2,0.0204868064516239,91,0.0222043323793226,"United States","Honduras"
"1149",2002,2,0.0204868064516239,100,0.0216177607049433,"United States","Colombia"
"1150",2002,2,0.0204868064516239,510,0.0247075437122921,"United States","Tanzania"
"1151",2002,2,0.0204868064516239,860,0.0408268703946676,"United States","Timor-Leste"
"1152",2002,2,0.0204868064516239,571,0.0256492455982929,"United States","Botswana"
"1153",2002,2,0.0204868064516239,990,0.0293233530803952,"United States","Samoa"
"1154",2002,2,0.0204868064516239,553,0.0235778181634373,"United States","Malawi"
"1155",2002,2,0.0204868064516239,369,0.0217185011474416,"United States","Ukraine"
"1156",2002,2,0.0204868064516239,731,0.0248279524473384,"United States","North Korea"
"1157",2002,2,0.0204868064516239,20,0.0202817942483554,"United States","Canada"
"1158",2002,2,0.0204868064516239,140,0.0218399502785958,"United States","Brazil"
"1159",2002,2,0.0204868064516239,522,0.0352283751079355,"United States","Djibouti"
"1160",2002,2,0.0204868064516239,551,0.0293125397597984,"United States","Zambia"
"1163",2002,2,0.0204868064516239,370,0.0234119360356034,"United States","Belarus"
"1165",2002,2,0.0204868064516239,57,0.0250254793800334,"United States","St. Vincent & Grenadines"
"1166",2002,2,0.0204868064516239,53,0.0227061048643794,"United States","Barbados"
"1103",2002,70,0.0211867957931682,2,0.0204868064516239,"Mexico","United States"
"1109",2002,365,0.0212374299301895,2,0.0204868064516239,"Russia","United States"
"1114",2002,365,0.0212374299301895,705,0.0226752584603838,"Russia","Kazakhstan"
"1115",2002,365,0.0212374299301895,369,0.0217185011474416,"Russia","Ukraine"
"1143",2002,365,0.0212374299301895,369,0.0217185011474416,"Russia","Ukraine"
"1144",2002,365,0.0212374299301895,705,0.0226752584603838,"Russia","Kazakhstan"
"1128",2002,100,0.0216177607049433,155,0.023810404412691,"Colombia","Chile"
"1145",2002,369,0.0217185011474416,365,0.0212374299301895,"Ukraine","Russia"
"1147",2002,369,0.0217185011474416,365,0.0212374299301895,"Ukraine","Russia"
"1208",2004,900,0.0218024019931836,935,0.0445113955142087,"Australia","Vanuatu"
"1195",2004,20,0.0218104956811558,750,0.023219313997915,"Canada","India"
"1204",2004,20,0.0218104956811558,2,0.021946886439672,"Canada","United States"
"1193",2004,2,0.021946886439672,750,0.023219313997915,"United States","India"
"1199",2004,2,0.021946886439672,484,0.0311268047922965,"United States","Congo - Brazzaville"
"1200",2004,2,0.021946886439672,20,0.0218104956811558,"United States","Canada"
"1202",2004,2,0.021946886439672,437,0.0274124283395594,"United States","Cote d¡¯Ivoire"
"1206",2004,2,0.021946886439672,1000,0.0844627099708438,"United States",NA
"1209",2004,2,0.021946886439672,666,0.0242239838193609,"United States","Israel"
"972",2000,2,0.0224778849544742,325,NA,"United States","Italy"
"973",2000,2,0.0224778849544742,732,0.023140457975855,"United States","South Korea"
"974",2000,2,0.0224778849544742,750,0.0241180270851839,"United States","India"
"975",2000,2,0.0224778849544742,850,0.0228626326395166,"United States","Indonesia"
"982",2000,2,0.0224778849544742,552,0.0302757574681481,"United States","Zimbabwe"
"983",2000,2,0.0224778849544742,41,0.0334261702890723,"United States","Haiti"
"989",2000,2,0.0224778849544742,135,0.0263478897501262,"United States","Peru"
"994",2000,2,0.0224778849544742,1000,0.0909910522676951,"United States",NA
"995",2000,2,0.0224778849544742,702,0.0357079521276732,"United States","Tajikistan"
"996",2000,2,0.0224778849544742,80,0.0272130958414539,"United States","Belize"
"997",2000,2,0.0224778849544742,433,0.0264479914165644,"United States","Senegal"
"998",2000,2,0.0224778849544742,452,0.0302172661388746,"United States","Ghana"
"999",2000,2,0.0224778849544742,101,0.0261295432869452,"United States","Venezuela"
"1000",2000,2,0.0224778849544742,145,0.0264896980280441,"United States","Bolivia"
"1001",2000,2,0.0224778849544742,950,0.0371319895748607,"United States","Fiji"
"1002",2000,2,0.0224778849544742,436,0.0274689925298987,"United States","Niger"
"1003",2000,2,0.0224778849544742,331,NA,"United States","San Marino"
"1004",2000,2,0.0224778849544742,344,0.0255649402985706,"United States","Croatia"
"1005",2000,2,0.0224778849544742,52,0.0256789976524903,"United States","Trinidad & Tobago"
"1009",2000,2,0.0224778849544742,840,0.0286380920737544,"United States","Philippines"
"1014",2000,2,0.0224778849544742,970,0.0394097496991362,"United States","Nauru"
"1020",2000,2,0.0224778849544742,800,0.0231134302680769,"United States","Thailand"
"1022",2000,2,0.0224778849544742,750,0.0241180270851839,"United States","India"
"1023",2000,2,0.0224778849544742,850,0.0228626326395166,"United States","Indonesia"
"1035",2000,2,0.0224778849544742,140,0.0244037303632808,"United States","Brazil"
"1037",2000,2,0.0224778849544742,439,0.0344844031349258,"United States","Burkina Faso"
"1038",2000,2,0.0224778849544742,450,0.0345791016057887,"United States","Liberia"
"1039",2000,2,0.0224778849544742,432,0.026544942080341,"United States","Mali"
"1041",2000,2,0.0224778849544742,570,NA,"United States","Lesotho"
"1044",2000,2,0.0224778849544742,451,0.0340329703313399,"United States","Sierra Leone"
"1045",2000,2,0.0224778849544742,850,0.0228626326395166,"United States","Indonesia"
"1046",2000,2,0.0224778849544742,481,0.0270217585516472,"United States","Gabon"
"1050",2000,2,0.0224778849544742,560,NA,"United States","South Africa"
"1051",2000,2,0.0224778849544742,983,0.0701503145211155,"United States","Marshall Islands"
"1052",2000,2,0.0224778849544742,420,0.0291793181803177,"United States","Gambia"
"1055",2000,2,0.0224778849544742,305,0.0226264198920436,"United States","Austria"
"976",2000,20,0.0224966355258892,900,0.0232030400822098,"Canada","Australia"
"984",2000,20,0.0224966355258892,816,0.0278210337589109,"Canada","Vietnam"
"985",2000,20,0.0224966355258892,140,0.0244037303632808,"Canada","Brazil"
"1021",2000,20,0.0224966355258892,750,0.0241180270851839,"Canada","India"
"977",2000,200,0.0226173267944635,439,0.0344844031349258,"United Kingdom","Burkina Faso"
"978",2000,200,0.0226173267944635,461,0.0250783597885361,"United Kingdom","Togo"
"979",2000,200,0.0226173267944635,437,0.0299719561920475,"United Kingdom","Cote d¡¯Ivoire"
"980",2000,200,0.0226173267944635,481,0.0270217585516472,"United Kingdom","Gabon"
"981",2000,200,0.0226173267944635,517,0.0396812846863985,"United Kingdom","Rwanda"
"1034",2000,200,0.0226173267944635,220,NA,"United Kingdom","France"
"990",2000,850,0.0228626326395166,710,0.0239937454284539,"Indonesia","China"
"991",2000,850,0.0228626326395166,740,0.0225686657549745,"Indonesia","Japan"
"992",2000,850,0.0228626326395166,732,0.023140457975855,"Indonesia","South Korea"
"1036",2000,850,0.0228626326395166,830,0.0226282487941187,"Indonesia","Singapore"
"1216",2005,920,0.0229480661806137,775,0.0294396163069591,"New Zealand","Myanmar (Burma)"
"1047",2000,732,0.023140457975855,740,0.0225686657549745,"South Korea","Japan"
"1182",2003,255,0.0233389804659044,325,NA,"Germany","Italy"
"1164",2002,370,0.0234119360356034,316,NA,"Belarus","Czechia"
"932",1999,2,0.0235625462755572,20,0.0235242317033138,"United States","Canada"
"933",1999,2,0.0235625462755572,531,0.0519509319759262,"United States","Eritrea"
"934",1999,2,0.0235625462755572,530,0.0326222844171584,"United States","Ethiopia"
"935",1999,2,0.0235625462755572,365,0.0256572459610226,"United States","Russia"
"936",1999,2,0.0235625462755572,750,0.0255290928599363,"United States","India"
"937",1999,2,0.0235625462755572,150,0.0302668320684409,"United States","Paraguay"
"940",1999,2,0.0235625462755572,1000,0.13131509740217,"United States",NA
"941",1999,2,0.0235625462755572,1000,0.13131509740217,"United States",NA
"942",1999,2,0.0235625462755572,900,0.0241121416389396,"United States","Australia"
"943",1999,2,0.0235625462755572,920,0.0257238892404325,"United States","New Zealand"
"944",1999,2,0.0235625462755572,230,0.0241542265642408,"United States","Spain"
"945",1999,2,0.0235625462755572,20,0.0235242317033138,"United States","Canada"
"946",1999,2,0.0235625462755572,750,0.0255290928599363,"United States","India"
"947",1999,2,0.0235625462755572,740,0.0240940074960781,"United States","Japan"
"948",1999,2,0.0235625462755572,732,0.0245769913584951,"United States","South Korea"
"949",1999,2,0.0235625462755572,230,0.0241542265642408,"United States","Spain"
"950",1999,2,0.0235625462755572,713,NA,"United States","Taiwan"
"951",1999,2,0.0235625462755572,325,NA,"United States","Italy"
"952",1999,2,0.0235625462755572,560,NA,"United States","South Africa"
"953",1999,2,0.0235625462755572,211,NA,"United States","Belgium"
"954",1999,2,0.0235625462755572,775,0.0338126043969688,"United States","Myanmar (Burma)"
"955",1999,2,0.0235625462755572,732,0.0245769913584951,"United States","South Korea"
"958",1999,2,0.0235625462755572,70,0.0246013432226905,"United States","Mexico"
"959",1999,2,0.0235625462755572,740,0.0240940074960781,"United States","Japan"
"960",1999,2,0.0235625462755572,316,NA,"United States","Czechia"
"961",1999,2,0.0235625462755572,360,0.0253648962807046,"United States","Romania"
"962",1999,2,0.0235625462755572,560,NA,"United States","South Africa"
"963",1999,2,0.0235625462755572,850,0.0240881324711207,"United States","Indonesia"
"965",1999,2,0.0235625462755572,770,0.0299958876431727,"United States","Pakistan"
"1180",2003,20,0.0236520205179814,740,0.0236833459288043,"Canada","Japan"
"1181",2003,20,0.0236520205179814,2,0.0238741966867443,"Canada","United States"
"1178",2003,740,0.0236833459288043,20,0.0236520205179814,"Japan","Canada"
"1185",2003,740,0.0236833459288043,2,0.0238741966867443,"Japan","United States"
"1191",2003,740,0.0236833459288043,2,0.0238741966867443,"Japan","United States"
"1192",2003,740,0.0236833459288043,2,0.0238741966867443,"Japan","United States"
"1218",2005,365,0.0238319553339551,372,0.0302845397297303,"Russia","Georgia"
"1168",2003,2,0.0238741966867443,339,0.0333736133266811,"United States","Albania"
"1169",2003,2,0.0238741966867443,700,0.0317017014865849,"United States","Afghanistan"
"1170",2003,2,0.0238741966867443,20,0.0236520205179814,"United States","Canada"
"1171",2003,2,0.0238741966867443,475,0.0330090720211166,"United States","Nigeria"
"1172",2003,2,0.0238741966867443,800,0.0240276075110554,"United States","Thailand"
"1173",2003,2,0.0238741966867443,770,0.030108328448227,"United States","Pakistan"
"1174",2003,2,0.0238741966867443,640,0.0245993089930818,"United States","Turkey"
"1175",2003,2,0.0238741966867443,732,0.0236134311164836,"United States","South Korea"
"1177",2003,2,0.0238741966867443,368,0.026268386000362,"United States","Lithuania"
"1183",2003,2,0.0238741966867443,740,0.0236833459288043,"United States","Japan"
"1184",2003,2,0.0238741966867443,438,0.0347532854762239,"United States","Guinea"
"1187",2003,2,0.0238741966867443,666,0.0256935609978494,"United States","Israel"
"1188",2003,2,0.0238741966867443,750,0.0296875386364355,"United States","India"
"1189",2003,2,0.0238741966867443,840,0.0302237738969589,"United States","Philippines"
"1190",2003,2,0.0238741966867443,712,0.0367553129648889,"United States","Mongolia"
"931",1999,230,0.0241542265642408,200,0.0238382211027085,"Spain","United Kingdom"
"1042",2000,100,0.0242460177905824,101,0.0261295432869452,"Colombia","Venezuela"
"970",2000,640,0.02431473873248,220,NA,"Turkey","France"
"971",2000,140,0.0244037303632808,20,0.0224966355258892,"Brazil","Canada"
"988",2000,920,0.0244369917859656,950,0.0371319895748607,"New Zealand","Fiji"
"797",1995,255,0.0245111268268506,820,0.0249083326425508,"Germany","Malaysia"
"798",1995,255,0.0245111268268506,800,0.0255785549947651,"Germany","Thailand"
"734",1995,2,0.0245912401302659,160,0.0290181020257793,"United States","Argentina"
"735",1995,2,0.0245912401302659,325,NA,"United States","Italy"
"736",1995,2,0.0245912401302659,140,0.0272822987066591,"United States","Brazil"
"737",1995,2,0.0245912401302659,255,0.0245111268268506,"United States","Germany"
"738",1995,2,0.0245912401302659,140,0.0272822987066591,"United States","Brazil"
"739",1995,2,0.0245912401302659,255,0.0245111268268506,"United States","Germany"
"740",1995,2,0.0245912401302659,740,0.024608142790264,"United States","Japan"
"741",1995,2,0.0245912401302659,100,0.0259188383754404,"United States","Colombia"
"742",1995,2,0.0245912401302659,145,0.0295752241942691,"United States","Bolivia"
"743",1995,2,0.0245912401302659,135,0.0280483541187021,"United States","Peru"
"748",1995,2,0.0245912401302659,1000,0.119145783084766,"United States",NA
"750",1995,2,0.0245912401302659,651,0.0265115186403895,"United States","Egypt"
"753",1995,2,0.0245912401302659,700,0.035356984794028,"United States","Afghanistan"
"754",1995,2,0.0245912401302659,775,0.0365086005968952,"United States","Myanmar (Burma)"
"755",1995,2,0.0245912401302659,630,0.0327725256729732,"United States","Iran"
"756",1995,2,0.0245912401302659,475,0.0345153273975702,"United States","Nigeria"
"757",1995,2,0.0245912401302659,652,0.0338348836477628,"United States","Syria"
"758",1995,2,0.0245912401302659,150,0.0322058690471298,"United States","Paraguay"
"760",1995,2,0.0245912401302659,710,0.0258179511757956,"United States","China"
"779",1995,2,0.0245912401302659,640,0.0274317825473587,"United States","Turkey"
"781",1995,2,0.0245912401302659,660,0.0336026886247676,"United States","Lebanon"
"782",1995,2,0.0245912401302659,652,0.0338348836477628,"United States","Syria"
"785",1995,2,0.0245912401302659,740,0.024608142790264,"United States","Japan"
"789",1995,2,0.0245912401302659,42,0.0351782189605974,"United States","Dominican Republic"
"790",1995,2,0.0245912401302659,91,0.0297683644013755,"United States","Honduras"
"791",1995,2,0.0245912401302659,94,0.0285703322082832,"United States","Costa Rica"
"792",1995,2,0.0245912401302659,640,0.0274317825473587,"United States","Turkey"
"793",1995,2,0.0245912401302659,92,0.0311730332086434,"United States","El Salvador"
"794",1995,2,0.0245912401302659,800,0.0255785549947651,"United States","Thailand"
"795",1995,2,0.0245912401302659,100,0.0259188383754404,"United States","Colombia"
"800",1995,2,0.0245912401302659,93,0.0307135907822079,"United States","Nicaragua"
"801",1995,2,0.0245912401302659,740,0.024608142790264,"United States","Japan"
"802",1995,2,0.0245912401302659,732,0.0257793109017758,"United States","South Korea"
"803",1995,2,0.0245912401302659,70,0.0262138726038984,"United States","Mexico"
"805",1995,2,0.0245912401302659,1000,0.119145783084766,"United States",NA
"807",1995,2,0.0245912401302659,710,0.0258179511757956,"United States","China"
"808",1995,2,0.0245912401302659,220,NA,"United States","France"
"171",1979,2,0.0245938358835941,816,0.0398513480882612,"United States","Vietnam"
"172",1979,2,0.0245938358835941,700,0.0375249105143593,"United States","Afghanistan"
"180",1979,2,0.0245938358835941,145,0.0304742270106121,"United States","Bolivia"
"181",1979,2,0.0245938358835941,630,0.0303235711068731,"United States","Iran"
"957",1999,70,0.0246013432226905,2,0.0235625462755572,"Mexico","United States"
"787",1995,740,0.024608142790264,2,0.0245912401302659,"Japan","United States"
"804",1995,200,0.0247456641670281,666,0.0325399584931447,"United Kingdom","Israel"
"751",1995,20,0.0248581194263169,1000,0.119145783084766,"Canada",NA
"761",1995,20,0.0248581194263169,2,0.0245912401302659,"Canada","United States"
"762",1995,20,0.0248581194263169,390,0.0254889628415694,"Canada","Denmark"
"763",1995,20,0.0248581194263169,200,0.0247456641670281,"Canada","United Kingdom"
"764",1995,20,0.0248581194263169,255,0.0245111268268506,"Canada","Germany"
"765",1995,20,0.0248581194263169,210,0.0248514765983344,"Canada","Netherlands"
"766",1995,20,0.0248581194263169,732,0.0257793109017758,"Canada","South Korea"
"767",1995,20,0.0248581194263169,2,0.0245912401302659,"Canada","United States"
"768",1995,20,0.0248581194263169,390,0.0254889628415694,"Canada","Denmark"
"769",1995,20,0.0248581194263169,255,0.0245111268268506,"Canada","Germany"
"770",1995,20,0.0248581194263169,210,0.0248514765983344,"Canada","Netherlands"
"771",1995,20,0.0248581194263169,200,0.0247456641670281,"Canada","United Kingdom"
"772",1995,20,0.0248581194263169,732,0.0257793109017758,"Canada","South Korea"
"773",1995,20,0.0248581194263169,2,0.0245912401302659,"Canada","United States"
"774",1995,20,0.0248581194263169,390,0.0254889628415694,"Canada","Denmark"
"775",1995,20,0.0248581194263169,200,0.0247456641670281,"Canada","United Kingdom"
"776",1995,20,0.0248581194263169,255,0.0245111268268506,"Canada","Germany"
"777",1995,20,0.0248581194263169,210,0.0248514765983344,"Canada","Netherlands"
"778",1995,20,0.0248581194263169,732,0.0257793109017758,"Canada","South Korea"
"784",1995,20,0.0248581194263169,325,NA,"Canada","Italy"
"1179",2003,830,0.0248828721179826,840,0.0302237738969589,"Singapore","Philippines"
"898",1998,2,0.0251148837720474,740,0.024986004672299,"United States","Japan"
"899",1998,2,0.0251148837720474,345,NA,"United States","Yugoslavia"
"900",1998,2,0.0251148837720474,750,0.027163207650333,"United States","India"
"901",1998,2,0.0251148837720474,770,0.0324699614372021,"United States","Pakistan"
"902",1998,2,0.0251148837720474,20,0.0247423339826048,"United States","Canada"
"903",1998,2,0.0251148837720474,750,0.027163207650333,"United States","India"
"904",1998,2,0.0251148837720474,732,0.0253718190080857,"United States","South Korea"
"905",1998,2,0.0251148837720474,230,0.0254862429950289,"United States","Spain"
"906",1998,2,0.0251148837720474,713,NA,"United States","Taiwan"
"907",1998,2,0.0251148837720474,140,0.0264251650482925,"United States","Brazil"
"908",1998,2,0.0251148837720474,370,0.0355248751315496,"United States","Belarus"
"926",1998,2,0.0251148837720474,140,0.0264251650482925,"United States","Brazil"
"927",1998,2,0.0251148837720474,713,NA,"United States","Taiwan"
"929",1998,2,0.0251148837720474,740,0.024986004672299,"United States","Japan"
"930",1998,2,0.0251148837720474,1000,0.191077693329623,"United States",NA
"759",1995,230,0.025131882799539,20,0.0248581194263169,"Spain","Canada"
"786",1995,230,0.025131882799539,600,0.0278579983781473,"Spain","Morocco"
"136",1976,2,0.0254844011299363,713,NA,"United States","Taiwan"
"967",1999,365,0.0256572459610226,1000,0.13131509740217,"Russia",NA
"1043",2000,370,0.0258070631960652,2,0.0224778849544742,"Belarus","United States"
"130",1975,2,0.0258912721873464,816,NA,"United States","Vietnam"
"131",1975,2,0.0258912721873464,811,0.047441957224376,"United States","Cambodia"
"132",1975,2,0.0258912721873464,812,0.0428444625065849,"United States","Laos"
"133",1975,2,0.0258912721873464,732,0.0285732285299703,"United States","South Korea"
"134",1975,2,0.0258912721873464,135,0.0310082584542988,"United States","Peru"
"135",1975,2,0.0258912721873464,850,0.0277468205616226,"United States","Indonesia"
"993",2000,130,0.025898232834042,1000,0.0909910522676951,"Ecuador",NA
"124",1974,200,0.0259261936322975,155,0.0330094871070966,"United Kingdom","Chile"
"938",1999,705,0.0259986130582581,703,0.0381996528075715,"Kazakhstan","Kyrgyzstan"
"939",1999,705,0.0259986130582581,704,0.0374935742284906,"Kazakhstan","Uzbekistan"
"956",1999,705,0.0259986130582581,365,0.0256572459610226,"Kazakhstan","Russia"
"966",1999,705,0.0259986130582581,365,0.0256572459610226,"Kazakhstan","Russia"
"788",1995,900,0.0260215851761035,220,NA,"Australia","France"
"356",1987,260,0.0260847624116731,140,0.0295501899042468,NA,"Brazil"
"368",1987,200,0.0260960646269211,630,0.0365714653482254,"United Kingdom","Iran"
"357",1987,740,0.0261017199672235,2,0.0268679751042435,"Japan","United States"
"367",1987,740,0.0261017199672235,710,0.0275468324522537,"Japan","China"
"909",1998,100,0.0261891765588264,710,0.026460680459265,"Colombia","China"
"910",1998,100,0.0261891765588264,740,0.024986004672299,"Colombia","Japan"
"911",1998,100,0.0261891765588264,820,0.0264985630128989,"Colombia","Malaysia"
"912",1998,100,0.0261891765588264,800,0.0320798797275755,"Colombia","Thailand"
"913",1998,100,0.0261891765588264,732,0.0253718190080857,"Colombia","South Korea"
"915",1998,100,0.0261891765588264,2,0.0251148837720474,"Colombia","United States"
"780",1995,70,0.0262138726038984,750,0.0269152681536521,"Mexico","India"
"806",1995,70,0.0262138726038984,2,0.0245912401302659,"Mexico","United States"
"897",1998,70,0.0263113263821469,2,0.0251148837720474,"Mexico","United States"
"916",1998,70,0.0263113263821469,2,0.0251148837720474,"Mexico","United States"
"127",1974,2,0.0263890323414713,640,0.0306671109744543,"United States","Turkey"
"128",1974,2,0.0263890323414713,640,0.0306671109744543,"United States","Turkey"
"129",1974,2,0.0263890323414713,770,0.0275839657198367,"United States","Pakistan"
"105",1973,740,0.0263895277533251,732,0.031217680871039,"Japan","South Korea"
"914",1998,710,0.026460680459265,365,0.026781451443422,"China","Russia"
"98",1972,200,0.0264612048209213,500,0.0406347489671653,"United Kingdom","Uganda"
"99",1972,200,0.0264612048209213,552,0.0752458110211577,"United Kingdom","Zimbabwe"
"1211",2005,2,0.0264840923772539,790,0.0309366257497725,"United States","Nepal"
"1213",2005,2,0.0264840923772539,740,0.021967371665696,"United States","Japan"
"1214",2005,2,0.0264840923772539,652,0.0295556895812692,"United States","Syria"
"1215",2005,2,0.0264840923772539,501,0.0336965464775899,"United States","Kenya"
"1223",2005,2,0.0264840923772539,140,0.0229289306028543,"United States","Brazil"
"1224",2005,2,0.0264840923772539,70,0.022337475312755,"United States","Mexico"
"145",1977,740,0.0266231220529554,2,0.0309912953375316,"Japan","United States"
"1219",2005,800,0.0266967389267824,820,0.0223582683983667,"Thailand","Malaysia"
"1221",2005,800,0.0266967389267824,1000,0.062172638703222,"Thailand",NA
"813",1996,70,0.02678517421147,210,0.0261797335656957,"Mexico","Netherlands"
"814",1996,70,0.02678517421147,20,0.0258668774718423,"Mexico","Canada"
"815",1996,70,0.02678517421147,140,0.0278226342220757,"Mexico","Brazil"
"834",1996,70,0.02678517421147,2,0.0322928789463001,"Mexico","United States"
"846",1996,70,0.02678517421147,2,0.0322928789463001,"Mexico","United States"
"355",1987,2,0.0268679751042435,1000,0.135621789367348,"United States",NA
"358",1987,2,0.0268679751042435,740,0.0261017199672235,"United States","Japan"
"369",1987,2,0.0268679751042435,732,0.0285424549457111,"United States","South Korea"
"370",1987,2,0.0268679751042435,830,0.0270003291596996,"United States","Singapore"
"371",1987,2,0.0268679751042435,95,0.0317132422434856,"United States","Panama"
"372",1987,2,0.0268679751042435,645,0.0387987759572567,"United States","Iraq"
"373",1987,2,0.0268679751042435,630,0.0365714653482254,"United States","Iran"
"374",1987,2,0.0268679751042435,95,0.0317132422434856,"United States","Panama"
"378",1987,2,0.0268679751042435,713,NA,"United States","Taiwan"
"379",1987,2,0.0268679751042435,200,0.0260960646269211,"United States","United Kingdom"
"380",1987,2,0.0268679751042435,740,0.0261017199672235,"United States","Japan"
"381",1987,2,0.0268679751042435,732,0.0285424549457111,"United States","South Korea"
"232",1982,200,0.0268993149069494,160,0.032477952281013,"United Kingdom","Argentina"
"928",1998,640,0.0269423260331318,325,NA,"Turkey","Italy"
"1217",2005,200,0.0269585384680618,500,0.0416744311199593,"United Kingdom","Uganda"
"207",1980,740,0.027035366598383,732,0.0299718011002638,"Japan","South Korea"
"917",1998,750,0.027163207650333,710,0.026460680459265,"India","China"
"918",1998,750,0.027163207650333,740,0.024986004672299,"India","Japan"
"919",1998,750,0.027163207650333,325,NA,"India","Italy"
"920",1998,750,0.027163207650333,230,0.0254862429950289,"India","Spain"
"921",1998,750,0.027163207650333,235,0.0262903534084179,"India","Portugal"
"922",1998,750,0.027163207650333,325,NA,"India","Italy"
"923",1998,750,0.027163207650333,740,0.024986004672299,"India","Japan"
"924",1998,750,0.027163207650333,230,0.0254862429950289,"India","Spain"
"925",1998,750,0.027163207650333,235,0.0262903534084179,"India","Portugal"
"1197",2004,840,0.0272082666829094,900,0.0218024019931836,"Philippines","Australia"
"173",1979,670,0.0272177786212817,2,0.0245938358835941,"Saudi Arabia","United States"
"826",1996,710,0.0273424554858253,2,0.0322928789463001,"China","United States"
"841",1996,710,0.0273424554858253,2,0.0322928789463001,"China","United States"
"231",1982,260,0.0273677662408977,20,0.029538630240135,NA,"Canada"
"234",1982,260,0.0273677662408977,360,0.0350035266891229,NA,"Romania"
"235",1982,260,0.0273677662408977,265,0.0350665340801926,NA,"German Democratic Republic"
"239",1982,260,0.0273677662408977,666,0.0324033080360931,NA,"Israel"
"247",1982,260,0.0273677662408977,732,0.0297844059542402,NA,"South Korea"
"250",1982,260,0.0273677662408977,830,0.0303221298955188,NA,"Singapore"
"251",1982,260,0.0273677662408977,820,0.0301857768814078,NA,"Malaysia"
"252",1982,260,0.0273677662408977,840,0.0315825898153795,NA,"Philippines"
"253",1982,260,0.0273677662408977,850,0.0307260721482333,NA,"Indonesia"
"254",1982,260,0.0273677662408977,140,0.0342190743861482,NA,"Brazil"
"259",1982,260,0.0273677662408977,230,0.0280350111655399,NA,"Spain"
"284",1983,740,0.027386856251815,731,0.0378778508384436,"Japan","North Korea"
"126",1974,20,0.0274238329814687,750,0.0281916445895708,"Canada","India"
"100",1972,2,0.0274252093201951,365,0.0318681149278596,"United States","Russia"
"206",1980,260,0.027490089677086,2,0.0277497197404033,NA,"United States"
"335",1986,2,0.0275101313807592,20,0.0288464120748852,"United States","Canada"
"336",1986,2,0.0275101313807592,652,0.033263174725425,"United States","Syria"
"337",1986,2,0.0275101313807592,1000,0.176427976164835,"United States",NA
"340",1986,2,0.0275101313807592,385,NA,"United States","Norway"
"341",1986,2,0.0275101313807592,552,0.0312051309124295,"United States","Zimbabwe"
"342",1986,2,0.0275101313807592,395,0.0331686325559764,"United States","Iceland"
"343",1986,2,0.0275101313807592,1000,0.176427976164835,"United States",NA
"351",1986,2,0.0275101313807592,713,NA,"United States","Taiwan"
"352",1986,2,0.0275101313807592,740,0.0265716868565813,"United States","Japan"
"96",1971,2,0.0275219042160233,740,0.0265175344450806,"United States","Japan"
"97",1971,2,0.0275219042160233,750,0.0298994053857489,"United States","India"
"665",1994,2,0.0275323601207006,135,0.0394712943497843,"United States","Peru"
"666",1994,2,0.0275323601207006,740,0.0277881439314298,"United States","Japan"
"667",1994,2,0.0275323601207006,740,0.0277881439314298,"United States","Japan"
"669",1994,2,0.0275323601207006,220,NA,"United States","France"
"670",1994,2,0.0275323601207006,100,0.0289440929354384,"United States","Colombia"
"671",1994,2,0.0275323601207006,130,0.0340344270558532,"United States","Ecuador"
"672",1994,2,0.0275323601207006,710,0.0286964316791238,"United States","China"
"707",1994,2,0.0275323601207006,710,0.0286964316791238,"United States","China"
"708",1994,2,0.0275323601207006,160,0.0333172239547695,"United States","Argentina"
"710",1994,2,0.0275323601207006,710,0.0286964316791238,"United States","China"
"713",1994,2,0.0275323601207006,255,0.0278221390663697,"United States","Germany"
"714",1994,2,0.0275323601207006,325,NA,"United States","Italy"
"715",1994,2,0.0275323601207006,305,0.0377680019252564,"United States","Austria"
"716",1994,2,0.0275323601207006,740,0.0277881439314298,"United States","Japan"
"717",1994,2,0.0275323601207006,732,0.0292101740328086,"United States","South Korea"
"718",1994,2,0.0275323601207006,70,0.0304877809471207,"United States","Mexico"
"719",1994,2,0.0275323601207006,230,0.028300926103096,"United States","Spain"
"720",1994,2,0.0275323601207006,160,0.0333172239547695,"United States","Argentina"
"721",1994,2,0.0275323601207006,740,0.0277881439314298,"United States","Japan"
"723",1994,2,0.0275323601207006,230,0.028300926103096,"United States","Spain"
"726",1994,2,0.0275323601207006,1000,0.221297151457969,"United States",NA
"728",1994,2,0.0275323601207006,1000,0.221297151457969,"United States",NA
"376",1987,710,0.0275468324522537,740,0.0261017199672235,"China","Japan"
"404",1988,740,0.0276309138751816,732,0.030765577066716,"Japan","South Korea"
"324",1985,200,0.0276667580871398,2,0.0282841600294859,"United Kingdom","United States"
"325",1985,200,0.0276667580871398,2,0.0282841600294859,"United Kingdom","United States"
"746",1995,830,0.0276836072281905,640,0.0274317825473587,"Singapore","Turkey"
"747",1995,830,0.0276836072281905,820,0.0249083326425508,"Singapore","Malaysia"
"293",1984,2,0.0277206024916154,630,0.0377640118280071,"United States","Iran"
"294",1984,2,0.0277206024916154,305,0.02805974011811,"United States","Austria"
"295",1984,2,0.0277206024916154,260,0.0271174838578809,"United States",NA
"296",1984,2,0.0277206024916154,385,NA,"United States","Norway"
"297",1984,2,0.0277206024916154,225,NA,"United States","Switzerland"
"298",1984,2,0.0277206024916154,560,NA,"United States","South Africa"
"299",1984,2,0.0277206024916154,713,NA,"United States","Taiwan"
"300",1984,2,0.0277206024916154,645,0.0392927036180579,"United States","Iraq"
"301",1984,2,0.0277206024916154,160,0.0329236712746906,"United States","Argentina"
"302",1984,2,0.0277206024916154,100,0.0323370174217242,"United States","Colombia"
"303",1984,2,0.0277206024916154,850,0.030870813812876,"United States","Indonesia"
"304",1984,2,0.0277206024916154,820,0.029189639081002,"United States","Malaysia"
"305",1984,2,0.0277206024916154,70,0.0352390210415185,"United States","Mexico"
"306",1984,2,0.0277206024916154,95,0.0370011848026686,"United States","Panama"
"307",1984,2,0.0277206024916154,135,0.0309428044779131,"United States","Peru"
"308",1984,2,0.0277206024916154,840,0.0316059407867279,"United States","Philippines"
"309",1984,2,0.0277206024916154,235,0.0289199686343192,"United States","Portugal"
"310",1984,2,0.0277206024916154,830,0.0303748741999407,"United States","Singapore"
"311",1984,2,0.0277206024916154,780,0.0305680515152432,"United States","Sri Lanka"
"312",1984,2,0.0277206024916154,800,0.0294625699140174,"United States","Thailand"
"313",1984,2,0.0277206024916154,640,0.0348453977287146,"United States","Turkey"
"314",1984,2,0.0277206024916154,640,0.0348453977287146,"United States","Turkey"
"315",1984,2,0.0277206024916154,1000,0.15340678534552,"United States",NA
"197",1980,2,0.0277497197404033,40,0.0378134284650953,"United States","Cuba"
"198",1980,2,0.0277497197404033,365,0.033701146488586,"United States","Russia"
"202",1980,2,0.0277497197404033,200,0.0272691425973194,"United States","United Kingdom"
"203",1980,2,0.0277497197404033,70,0.0357274320523638,"United States","Mexico"
"205",1980,2,0.0277497197404033,200,0.0272691425973194,"United States","United Kingdom"
"208",1980,2,0.0277497197404033,365,0.033701146488586,"United States","Russia"
"209",1980,2,0.0277497197404033,290,0.0338355691906515,"United States","Poland"
"317",1985,260,0.0277563764931636,20,0.0296971974381267,NA,"Canada"
"332",1985,260,0.0277563764931636,2,0.0282841600294859,NA,"United States"
"333",1985,260,0.0277563764931636,670,0.0322628671877114,NA,"Saudi Arabia"
"229",1982,2,0.0277715010332216,20,0.029538630240135,"United States","Canada"
"237",1982,2,0.0277715010332216,1000,0.214350503378288,"United States",NA
"242",1982,2,0.0277715010332216,220,NA,"United States","France"
"243",1982,2,0.0277715010332216,200,0.0268993149069494,"United States","United Kingdom"
"244",1982,2,0.0277715010332216,325,NA,"United States","Italy"
"245",1982,2,0.0277715010332216,260,0.0273677662408977,"United States",NA
"246",1982,2,0.0277715010332216,666,0.0324033080360931,"United States","Israel"
"268",1982,2,0.0277715010332216,20,0.029538630240135,"United States","Canada"
"269",1982,2,0.0277715010332216,900,0.0272109326084578,"United States","Australia"
"270",1982,2,0.0277715010332216,920,0.0290099363159187,"United States","New Zealand"
"271",1982,2,0.0277715010332216,1000,0.214350503378288,"United States",NA
"272",1982,2,0.0277715010332216,360,0.0350035266891229,"United States","Romania"
"273",1982,2,0.0277715010332216,20,0.029538630240135,"United States","Canada"
"382",1988,260,0.0278135609909193,666,0.0337395566973248,NA,"Israel"
"674",1994,255,0.0278221390663697,732,0.0292101740328086,"Germany","South Korea"
"679",1994,255,0.0278221390663697,710,0.0286964316791238,"Germany","China"
"680",1994,255,0.0278221390663697,640,0.0305628000949611,"Germany","Turkey"
"724",1994,255,0.0278221390663697,325,NA,"Germany","Italy"
"212",1981,260,0.0278576095228271,2,0.0286616723788942,NA,"United States"
"223",1981,260,0.0278576095228271,640,0.0374993961596726,NA,"Turkey"
"224",1981,260,0.0278576095228271,1000,0.144620380847047,NA,NA
"783",1995,600,0.0278579983781473,1000,0.119145783084766,"Morocco",NA
"360",1987,20,0.0279673153924178,850,0.0292696014188022,"Canada","Indonesia"
"361",1987,20,0.0279673153924178,530,NA,"Canada","Ethiopia"
"362",1987,20,0.0279673153924178,490,0.0401447990342622,"Canada","Congo - Kinshasa"
"363",1987,20,0.0279673153924178,155,0.0309486725796823,"Canada","Chile"
"364",1987,20,0.0279673153924178,850,0.0292696014188022,"Canada","Indonesia"
"365",1987,20,0.0279673153924178,780,0.0299838233208744,"Canada","Sri Lanka"
"366",1987,20,0.0279673153924178,771,0.0298579125261119,"Canada","Bangladesh"
"106",1973,380,0.0279675025606293,155,0.0344702385470922,"Sweden","Chile"
"287",1983,260,0.0279902524307094,2,0.0286492428617185,NA,"United States"
"174",1979,651,0.0279991864500656,670,0.0272177786212817,"Egypt","Saudi Arabia"
"196",1979,365,0.0282189601660345,710,0.0281308307899611,"Russia","China"
"316",1985,2,0.0282841600294859,920,0.0295716035241423,"United States","New Zealand"
"318",1985,2,0.0282841600294859,1000,0.138229551041515,"United States",NA
"320",1985,2,0.0282841600294859,740,0.0274926167380594,"United States","Japan"
"321",1985,2,0.0282841600294859,732,0.0310188899926665,"United States","South Korea"
"322",1985,2,0.0282841600294859,713,NA,"United States","Taiwan"
"323",1985,2,0.0282841600294859,140,0.0324792728107275,"United States","Brazil"
"327",1985,2,0.0282841600294859,20,0.0296971974381267,"United States","Canada"
"328",1985,2,0.0282841600294859,732,0.0310188899926665,"United States","South Korea"
"330",1985,2,0.0282841600294859,360,0.0361309129716554,"United States","Romania"
"331",1985,2,0.0282841600294859,1000,0.138229551041515,"United States",NA
"140",1976,365,0.0284543101209449,651,0.0287143820966987,"Russia","Egypt"
"141",1977,20,0.028468436831458,1000,0.133350144635568,"Canada",NA
"142",1977,20,0.028468436831458,740,0.0266231220529554,"Canada","Japan"
"1201",2004,652,0.0286288264623501,2,0.021946886439672,"Syria","United States"
"277",1983,2,0.0286492428617185,710,0.0352266510064656,"United States","China"
"279",1983,2,0.0286492428617185,740,0.027386856251815,"United States","Japan"
"280",1983,2,0.0286492428617185,1000,0.173054456377644,"United States",NA
"281",1983,2,0.0286492428617185,740,0.027386856251815,"United States","Japan"
"282",1983,2,0.0286492428617185,710,0.0352266510064656,"United States","China"
"283",1983,2,0.0286492428617185,732,0.0315550553028789,"United States","South Korea"
"286",1983,2,0.0286492428617185,90,0.0406594295331096,"United States","Guatemala"
"288",1983,2,0.0286492428617185,70,0.0375895694909673,"United States","Mexico"
"291",1983,2,0.0286492428617185,552,0.0430041462922701,"United States","Zimbabwe"
"292",1983,2,0.0286492428617185,830,0.0313500300576649,"United States","Singapore"
"213",1981,2,0.0286616723788942,93,0.0501753966590412,"United States","Nicaragua"
"215",1981,2,0.0286616723788942,666,0.0381349901154423,"United States","Israel"
"222",1981,2,0.0286616723788942,666,0.0381349901154423,"United States","Israel"
"704",1994,710,0.0286964316791238,2,0.0275323601207006,"China","United States"
"177",1979,475,0.0287249353966484,200,0.0246674636174289,"Nigeria","United Kingdom"
"178",1979,475,0.0287249353966484,2,0.0245938358835941,"Nigeria","United States"
"660",1994,20,0.0287614298591624,211,NA,"Canada","Belgium"
"661",1994,20,0.0287614298591624,255,0.0278221390663697,"Canada","Germany"
"662",1994,20,0.0287614298591624,200,0.0277415999850538,"Canada","United Kingdom"
"681",1994,20,0.0287614298591624,325,NA,"Canada","Italy"
"683",1994,20,0.0287614298591624,900,0.0288990950966204,"Canada","Australia"
"684",1994,20,0.0287614298591624,140,0.0311647441866503,"Canada","Brazil"
"685",1994,20,0.0287614298591624,200,0.0277415999850538,"Canada","United Kingdom"
"686",1994,20,0.0287614298591624,220,NA,"Canada","France"
"687",1994,20,0.0287614298591624,255,0.0278221390663697,"Canada","Germany"
"688",1994,20,0.0287614298591624,740,0.0277881439314298,"Canada","Japan"
"689",1994,20,0.0287614298591624,732,0.0292101740328086,"Canada","South Korea"
"690",1994,20,0.0287614298591624,230,0.028300926103096,"Canada","Spain"
"691",1994,20,0.0287614298591624,380,0.0282570139877471,"Canada","Sweden"
"692",1994,20,0.0287614298591624,2,0.0275323601207006,"Canada","United States"
"693",1994,20,0.0287614298591624,900,0.0288990950966204,"Canada","Australia"
"694",1994,20,0.0287614298591624,140,0.0311647441866503,"Canada","Brazil"
"695",1994,20,0.0287614298591624,220,NA,"Canada","France"
"696",1994,20,0.0287614298591624,255,0.0278221390663697,"Canada","Germany"
"697",1994,20,0.0287614298591624,740,0.0277881439314298,"Canada","Japan"
"698",1994,20,0.0287614298591624,920,0.0296543172251151,"Canada","New Zealand"
"699",1994,20,0.0287614298591624,732,0.0292101740328086,"Canada","South Korea"
"700",1994,20,0.0287614298591624,230,0.028300926103096,"Canada","Spain"
"701",1994,20,0.0287614298591624,380,0.0282570139877471,"Canada","Sweden"
"702",1994,20,0.0287614298591624,200,0.0277415999850538,"Canada","United Kingdom"
"703",1994,20,0.0287614298591624,2,0.0275323601207006,"Canada","United States"
"339",1986,20,0.0288464120748852,2,0.0275101313807592,"Canada","United States"
"345",1986,20,0.0288464120748852,325,NA,"Canada","Italy"
"346",1986,20,0.0288464120748852,210,0.0277245712208085,"Canada","Netherlands"
"347",1986,20,0.0288464120748852,220,NA,"Canada","France"
"348",1986,20,0.0288464120748852,260,0.0271669655714144,"Canada",NA
"349",1986,20,0.0288464120748852,235,0.0290919692235222,"Canada","Portugal"
"350",1986,20,0.0288464120748852,350,0.0278884420226606,"Canada","Greece"
"1048",2000,369,0.0289238744808146,365,0.02436292776593,"Ukraine","Russia"
"143",1977,630,0.0289242031679709,210,0.0270138223155142,"Iran","Netherlands"
"359",1987,750,0.0290247139485427,950,0.0319185855265961,"India","Fiji"
"388",1988,900,0.0292061666720844,740,0.0276309138751816,"Australia","Japan"
"107",1973,2,0.0292420100030589,155,0.0344702385470922,"United States","Chile"
"108",1973,2,0.0292420100030589,900,0.0298213630414346,"United States","Australia"
"117",1973,2,0.0292420100030589,620,0.0341300033450439,"United States","Libya"
"833",1996,666,0.0292711863367047,652,0.037993182912868,"Israel","Syria"
"240",1982,670,0.0294259917929787,2,0.0277715010332216,"Saudi Arabia","United States"
"241",1982,670,0.0294259917929787,2,0.0277715010332216,"Saudi Arabia","United States"
"1222",2005,652,0.0295556895812692,660,0.0233741340446752,"Syria","Lebanon"
"334",1985,20,0.0296971974381267,1000,0.138229551041515,"Canada",NA
"668",1994,350,0.0297373328729159,343,NA,"Greece","North Macedonia"
"711",1994,350,0.0297373328729159,339,0.044267886851227,"Greece","Albania"
"70",1969,260,0.0298413137138651,811,0.0391913075289532,NA,"Cambodia"
"87",1970,200,0.0298420815131719,570,NA,"United Kingdom","Lesotho"
"91",1970,200,0.0298420815131719,830,0.0329382567251999,"United Kingdom","Singapore"
"92",1970,2,0.0298483546136097,365,0.0362691470745976,"United States","Russia"
"221",1981,670,0.0298772921970696,666,0.0381349901154423,"Saudi Arabia","Israel"
"592",1993,2,0.0298922016879905,160,0.0415263999484698,"United States","Argentina"
"593",1993,2,0.0298922016879905,900,0.0315523577360783,"United States","Australia"
"594",1993,2,0.0298922016879905,305,0.0417255038853543,"United States","Austria"
"595",1993,2,0.0298922016879905,211,NA,"United States","Belgium"
"596",1993,2,0.0298922016879905,140,0.0355414955039332,"United States","Brazil"
"597",1993,2,0.0298922016879905,200,0.0410581513383949,"United States","United Kingdom"
"598",1993,2,0.0298922016879905,20,0.031965990748318,"United States","Canada"
"599",1993,2,0.0298922016879905,375,0.0325079776297324,"United States","Finland"
"600",1993,2,0.0298922016879905,220,NA,"United States","France"
"601",1993,2,0.0298922016879905,255,0.0304421412288826,"United States","Germany"
"602",1993,2,0.0298922016879905,325,NA,"United States","Italy"
"603",1993,2,0.0298922016879905,740,0.0301006722012894,"United States","Japan"
"604",1993,2,0.0298922016879905,732,0.0319817635233968,"United States","South Korea"
"605",1993,2,0.0298922016879905,70,0.0331195827943742,"United States","Mexico"
"606",1993,2,0.0298922016879905,210,0.0308088341175836,"United States","Netherlands"
"607",1993,2,0.0298922016879905,290,0.0418947535359265,"United States","Poland"
"608",1993,2,0.0298922016879905,360,0.0346990505383123,"United States","Romania"
"609",1993,2,0.0298922016879905,230,0.030477393581954,"United States","Spain"
"610",1993,2,0.0298922016879905,380,0.030589305684363,"United States","Sweden"
"612",1993,2,0.0298922016879905,20,0.031965990748318,"United States","Canada"
"620",1993,2,0.0298922016879905,830,0.0346301446046067,"United States","Singapore"
"622",1993,2,0.0298922016879905,900,0.0315523577360783,"United States","Australia"
"624",1993,2,0.0298922016879905,490,0.0481290590021451,"United States","Congo - Kinshasa"
"625",1993,2,0.0298922016879905,750,0.034864229219022,"United States","India"
"627",1993,2,0.0298922016879905,1000,0.278196780536238,"United States",NA
"629",1993,2,0.0298922016879905,732,0.0319817635233968,"United States","South Korea"
"637",1993,2,0.0298922016879905,713,NA,"United States","Taiwan"
"638",1993,2,0.0298922016879905,740,0.0301006722012894,"United States","Japan"
"639",1993,2,0.0298922016879905,385,NA,"United States","Norway"
"642",1993,2,0.0298922016879905,90,0.0428276031914847,"United States","Guatemala"
"643",1993,2,0.0298922016879905,740,0.0301006722012894,"United States","Japan"
"645",1993,2,0.0298922016879905,395,0.0360350967399625,"United States","Iceland"
"646",1993,2,0.0298922016879905,20,0.031965990748318,"United States","Canada"
"647",1993,2,0.0298922016879905,740,0.0301006722012894,"United States","Japan"
"648",1993,2,0.0298922016879905,475,0.0465433255647281,"United States","Nigeria"
"650",1993,2,0.0298922016879905,740,0.0301006722012894,"United States","Japan"
"651",1993,2,0.0298922016879905,135,0.0343083799466867,"United States","Peru"
"656",1993,2,0.0298922016879905,713,NA,"United States","Taiwan"
"393",1988,20,0.0299224227907707,200,0.0348914405322416,"Canada","United Kingdom"
"278",1983,20,0.0300074987431167,1000,0.173054456377644,"Canada",NA
"290",1983,20,0.0300074987431167,1000,0.173054456377644,"Canada",NA
"71",1969,2,0.0302478208994966,740,0.0302551527460373,"United States","Japan"
"76",1969,2,0.0302478208994966,380,0.0304582525828418,"United States","Sweden"
"77",1969,2,0.0302478208994966,380,0.0304582525828418,"United States","Sweden"
"63",1968,260,0.0302610595708077,265,0.0369017173135791,NA,"German Democratic Republic"
"43",1967,200,0.0303023604372221,666,0.0347180344759304,"United Kingdom","Israel"
"44",1967,200,0.0303023604372221,652,0.044673038130932,"United Kingdom","Syria"
"45",1967,200,0.0303023604372221,651,0.0336825954840205,"United Kingdom","Egypt"
"46",1967,200,0.0303023604372221,663,0.0370862689794933,"United Kingdom","Jordan"
"182",1979,630,0.0303235711068731,2,0.0245938358835941,"Iran","United States"
"1053",2000,700,0.0303370571732723,2,0.0224778849544742,"Afghanistan","United States"
"1054",2000,700,0.0303370571732723,365,0.02436292776593,"Afghanistan","Russia"
"877",1997,255,0.0303623637773388,630,0.0414826348602937,"Germany","Iran"
"55",1968,2,0.0303738146597136,731,0.0511139704552222,"United States","North Korea"
"57",1968,2,0.0303738146597136,651,0.0334689212026341,"United States","Egypt"
"58",1968,2,0.0303738146597136,625,NA,"United States","Sudan"
"60",1968,2,0.0303738146597136,325,NA,"United States","Italy"
"62",1968,2,0.0303738146597136,220,NA,"United States","France"
"64",1968,2,0.0303738146597136,135,0.036736994596747,"United States","Peru"
"65",1968,2,0.0303738146597136,20,0.0312455966197854,"United States","Canada"
"849",1997,2,0.0303844574452151,900,0.0316699313110302,"United States","Australia"
"850",1997,2,0.0303844574452151,255,0.0303623637773388,"United States","Germany"
"861",1997,2,0.0303844574452151,130,0.0351681978899341,"United States","Ecuador"
"862",1997,2,0.0303844574452151,700,0.0425728158727432,"United States","Afghanistan"
"864",1997,2,0.0303844574452151,560,NA,"United States","South Africa"
"865",1997,2,0.0303844574452151,369,0.0434875079303037,"United States","Ukraine"
"866",1997,2,0.0303844574452151,365,0.0408636797072372,"United States","Russia"
"867",1997,2,0.0303844574452151,710,0.032330357205347,"United States","China"
"872",1997,2,0.0303844574452151,710,0.032330357205347,"United States","China"
"873",1997,2,0.0303844574452151,652,0.0428031374715588,"United States","Syria"
"874",1997,2,0.0303844574452151,710,0.032330357205347,"United States","China"
"875",1997,2,0.0303844574452151,740,0.0303700045008788,"United States","Japan"
"885",1997,2,0.0303844574452151,820,0.0405828811342915,"United States","Malaysia"
"886",1997,2,0.0303844574452151,220,NA,"United States","France"
"887",1997,2,0.0303844574452151,365,0.0408636797072372,"United States","Russia"
"888",1997,2,0.0303844574452151,713,NA,"United States","Taiwan"
"889",1997,2,0.0303844574452151,20,0.0303856414466371,"United States","Canada"
"890",1997,2,0.0303844574452151,850,0.0336396581656612,"United States","Indonesia"
"891",1997,2,0.0303844574452151,732,0.0311589429903816,"United States","South Korea"
"868",1997,20,0.0303856414466371,710,0.032330357205347,"Canada","China"
"869",1997,20,0.0303856414466371,70,0.0320048354960822,"Canada","Mexico"
"870",1997,20,0.0303856414466371,560,NA,"Canada","South Africa"
"871",1997,20,0.0303856414466371,365,0.0408636797072372,"Canada","Russia"
"628",1993,255,0.0304421412288826,710,0.0316717775436802,"Germany","China"
"659",1993,255,0.0304421412288826,305,0.0417255038853543,"Germany","Austria"
"664",1994,70,0.0304877809471207,2,0.0275323601207006,"Mexico","United States"
"705",1994,70,0.0304877809471207,710,0.0286964316791238,"Mexico","China"
"712",1994,70,0.0304877809471207,2,0.0275323601207006,"Mexico","United States"
"722",1994,70,0.0304877809471207,160,0.0333172239547695,"Mexico","Argentina"
"727",1994,70,0.0304877809471207,710,0.0286964316791238,"Mexico","China"
"384",1988,732,0.030765577066716,731,0.0374070945574894,"South Korea","North Korea"
"144",1977,2,0.0309912953375316,713,NA,"United States","Taiwan"
"146",1977,2,0.0309912953375316,90,0.0342158006374153,"United States","Guatemala"
"147",1977,2,0.0309912953375316,93,0.0412962673474954,"United States","Nicaragua"
"148",1977,2,0.0309912953375316,160,0.0309698772505388,"United States","Argentina"
"149",1977,2,0.0309912953375316,140,0.0301475590060818,"United States","Brazil"
"150",1977,2,0.0309912953375316,92,0.0356758804582966,"United States","El Salvador"
"151",1977,2,0.0309912953375316,150,0.0423400467369756,"United States","Paraguay"
"152",1977,2,0.0309912953375316,165,0.0504714694343744,"United States","Uruguay"
"153",1977,2,0.0309912953375316,740,0.0266231220529554,"United States","Japan"
"154",1977,2,0.0309912953375316,530,NA,"United States","Ethiopia"
"155",1977,2,0.0309912953375316,740,0.0266231220529554,"United States","Japan"
"156",1977,2,0.0309912953375316,770,0.0324981179338678,"United States","Pakistan"
"157",1977,2,0.0309912953375316,620,0.0330962155059396,"United States","Libya"
"160",1977,2,0.0309912953375316,732,0.0300860483111146,"United States","South Korea"
"161",1977,2,0.0309912953375316,560,NA,"United States","South Africa"
"162",1977,2,0.0309912953375316,732,0.0300860483111146,"United States","South Korea"
"163",1977,2,0.0309912953375316,732,0.0300860483111146,"United States","South Korea"
"657",1993,820,0.031020507165727,900,0.0315523577360783,"Malaysia","Australia"
"1186",2003,630,0.0310884385564865,160,0.0290329624248183,"Iran","Argentina"
"93",1971,630,0.0311412764513445,2,0.0275219042160233,"Iran","United States"
"94",1971,630,0.0311412764513445,1000,0.100090659114238,"Iran",NA
"95",1971,630,0.0311412764513445,740,0.0265175344450806,"Iran","Japan"
"33",1967,2,0.0311442620655641,325,NA,"United States","Italy"
"34",1967,2,0.0311442620655641,350,0.0341768619757507,"United States","Greece"
"49",1967,2,0.0311442620655641,290,0.0377516274456361,"United States","Poland"
"50",1967,2,0.0311442620655641,325,NA,"United States","Italy"
"51",1967,2,0.0311442620655641,260,0.0310044698768252,"United States",NA
"52",1967,2,0.0311442620655641,385,NA,"United States","Norway"
"53",1967,2,0.0311442620655641,200,0.0303023604372221,"United States","United Kingdom"
"54",1967,2,0.0311442620655641,135,0.0375808137464302,"United States","Peru"
"636",1993,900,0.0315523577360783,2,0.0298922016879905,"Australia","United States"
"658",1993,900,0.0315523577360783,820,0.031020507165727,"Australia","Malaysia"
"158",1977,710,0.0315567658264468,339,0.0559698136950122,"China","Albania"
"176",1979,620,0.0315635812652051,2,0.0245938358835941,"Libya","United States"
"28",1966,2,0.031567792754934,160,0.0365675309317708,"United States","Argentina"
"137",1976,501,0.0315882962842808,500,0.0392897677019113,"Kenya","Uganda"
"634",1993,710,0.0316717775436802,70,0.0331195827943742,"China","Mexico"
"573",1993,20,0.031965990748318,211,NA,"Canada","Belgium"
"574",1993,20,0.031965990748318,255,0.0304421412288826,"Canada","Germany"
"575",1993,20,0.031965990748318,200,0.0410581513383949,"Canada","United Kingdom"
"576",1993,20,0.031965990748318,2,0.0298922016879905,"Canada","United States"
"611",1993,20,0.031965990748318,2,0.0298922016879905,"Canada","United States"
"613",1993,20,0.031965990748318,200,0.0410581513383949,"Canada","United Kingdom"
"614",1993,20,0.031965990748318,255,0.0304421412288826,"Canada","Germany"
"615",1993,20,0.031965990748318,220,NA,"Canada","France"
"616",1993,20,0.031965990748318,325,NA,"Canada","Italy"
"617",1993,20,0.031965990748318,920,0.0329016927552679,"Canada","New Zealand"
"618",1993,20,0.031965990748318,2,0.0298922016879905,"Canada","United States"
"619",1993,20,0.031965990748318,2,0.0298922016879905,"Canada","United States"
"630",1993,20,0.031965990748318,211,NA,"Canada","Belgium"
"631",1993,20,0.031965990748318,255,0.0304421412288826,"Canada","Germany"
"632",1993,20,0.031965990748318,200,0.0410581513383949,"Canada","United Kingdom"
"640",1993,20,0.031965990748318,900,0.0315523577360783,"Canada","Australia"
"641",1993,20,0.031965990748318,920,0.0329016927552679,"Canada","New Zealand"
"652",1993,20,0.031965990748318,325,NA,"Canada","Italy"
"653",1993,20,0.031965990748318,732,0.0319817635233968,"Canada","South Korea"
"654",1993,20,0.031965990748318,230,0.030477393581954,"Canada","Spain"
"655",1993,20,0.031965990748318,369,0.0603049349096832,"Canada","Ukraine"
"876",1997,70,0.0320048354960822,2,0.0303844574452151,"Mexico","United States"
"896",1997,70,0.0320048354960822,2,0.0303844574452151,"Mexico","United States"
"1065",2001,900,0.0322056508843846,812,0.0638433751638756,"Australia","Laos"
"1",1963,2,0.0322448495767581,230,0.0339970296333558,"United States","Spain"
"2",1963,2,0.0322448495767581,345,0.0360464522011958,"United States","Yugoslavia"
"3",1963,2,0.0322448495767581,220,NA,"United States","France"
"4",1963,2,0.0322448495767581,600,0.033031969264307,"United States","Morocco"
"5",1963,2,0.0322448495767581,651,0.0422824726527238,"United States","Egypt"
"6",1963,2,0.0322448495767581,850,0.0420053312987194,"United States","Indonesia"
"7",1963,2,0.0322448495767581,817,0.0506049448506672,"United States","Republic of Vietnam"
"9",1963,2,0.0322448495767581,42,0.0538933642454992,"United States","Dominican Republic"
"10",1963,2,0.0322448495767581,91,0.0617967810462526,"United States","Honduras"
"326",1985,670,0.0322628671877114,1000,0.138229551041515,"Saudi Arabia",NA
"809",1996,2,0.0322928789463001,20,0.0258668774718423,"United States","Canada"
"810",1996,2,0.0322928789463001,900,0.0273009941018205,"United States","Australia"
"811",1996,2,0.0322928789463001,70,0.02678517421147,"United States","Mexico"
"816",1996,2,0.0322928789463001,20,0.0258668774718423,"United States","Canada"
"817",1996,2,0.0322928789463001,710,0.0273424554858253,"United States","China"
"818",1996,2,0.0322928789463001,325,NA,"United States","Italy"
"820",1996,2,0.0322928789463001,750,0.0324295250627707,"United States","India"
"821",1996,2,0.0322928789463001,800,0.0327743540802204,"United States","Thailand"
"822",1996,2,0.0322928789463001,770,0.0341496581112329,"United States","Pakistan"
"823",1996,2,0.0322928789463001,820,0.0259551069030673,"United States","Malaysia"
"824",1996,2,0.0322928789463001,140,0.0278226342220757,"United States","Brazil"
"825",1996,2,0.0322928789463001,101,0.0373324112432015,"United States","Venezuela"
"828",1996,2,0.0322928789463001,345,NA,"United States","Yugoslavia"
"829",1996,2,0.0322928789463001,70,0.02678517421147,"United States","Mexico"
"830",1996,2,0.0322928789463001,325,NA,"United States","Italy"
"831",1996,2,0.0322928789463001,20,0.0258668774718423,"United States","Canada"
"832",1996,2,0.0322928789463001,710,0.0273424554858253,"United States","China"
"835",1996,2,0.0322928789463001,70,0.02678517421147,"United States","Mexico"
"838",1996,2,0.0322928789463001,640,0.0339883512439347,"United States","Turkey"
"839",1996,2,0.0322928789463001,255,0.0256951493748587,"United States","Germany"
"840",1996,2,0.0322928789463001,740,0.0257412524421516,"United States","Japan"
"842",1996,2,0.0322928789463001,95,0.0311251798518521,"United States","Panama"
"843",1996,2,0.0322928789463001,91,0.0309493976749763,"United States","Honduras"
"844",1996,2,0.0322928789463001,80,0.0343722597372144,"United States","Belize"
"845",1996,2,0.0322928789463001,670,0.0351583205250991,"United States","Saudi Arabia"
"854",1997,710,0.032330357205347,390,0.031716265621559,"China","Denmark"
"893",1997,710,0.032330357205347,2,0.0303844574452151,"China","United States"
"894",1997,710,0.032330357205347,20,0.0303856414466371,"China","Canada"
"895",1997,710,0.032330357205347,732,0.0311589429903816,"China","South Korea"
"749",1995,365,0.0323882033332322,800,0.0255785549947651,"Russia","Thailand"
"812",1996,200,0.0324305340933057,516,0.0334487365120934,"United Kingdom","Burundi"
"236",1982,160,0.032477952281013,200,0.0268993149069494,"Argentina","United Kingdom"
"745",1995,666,0.0325399584931447,660,0.0336026886247676,"Israel","Lebanon"
"88",1970,651,0.0325486781072933,2,0.0298483546136097,"Egypt","United States"
"19",1965,2,0.032597147572376,135,0.0386374128709879,"United States","Peru"
"20",1965,2,0.032597147572376,130,0.0410566983931615,"United States","Ecuador"
"21",1965,2,0.032597147572376,750,0.0355729315044469,"United States","India"
"23",1965,2,0.032597147572376,770,NA,"United States","Pakistan"
"24",1965,2,0.032597147572376,750,0.0355729315044469,"United States","India"
"25",1965,2,0.032597147572376,770,NA,"United States","Pakistan"
"26",1965,2,0.032597147572376,552,NA,"United States","Zimbabwe"
"79",1969,350,0.032649427787375,325,NA,"Greece","Italy"
"80",1969,350,0.032649427787375,211,NA,"Greece","Belgium"
"81",1969,350,0.032649427787375,200,0.0299484086597655,"Greece","United Kingdom"
"82",1969,350,0.032649427787375,210,0.0301197768578525,"Greece","Netherlands"
"83",1969,350,0.032649427787375,260,0.0298413137138651,"Greece",NA
"84",1969,350,0.032649427787375,390,0.0303363133855234,"Greece","Denmark"
"85",1969,350,0.032649427787375,385,NA,"Greece","Norway"
"15",1965,260,0.0326931204008357,510,NA,NA,"Tanzania"
"16",1965,260,0.0326931204008357,651,0.0428054128169457,NA,"Egypt"
"31",1967,750,0.0326974337021114,816,NA,"India","Vietnam"
"228",1982,652,0.0326987394150336,2,0.0277715010332216,"Syria","United States"
"744",1995,630,0.0327725256729732,385,NA,"Iran","Norway"
"1075",2001,390,0.0329476500219416,553,0.0557586735754305,"Denmark","Malawi"
"12",1964,260,0.032972783735217,265,0.0426717090333149,NA,"German Democratic Republic"
"125",1974,155,0.0330094871070966,200,0.0259261936322975,"Chile","United Kingdom"
"13",1964,2,0.0330594013091057,651,0.0425785590278116,"United States","Egypt"
"623",1993,70,0.0331195827943742,2,0.0298922016879905,"Mexico","United States"
"633",1993,70,0.0331195827943742,710,0.0316717775436802,"Mexico","China"
"635",1993,70,0.0331195827943742,2,0.0298922016879905,"Mexico","United States"
"1118",2002,645,0.0336059851637734,2,0.0204868064516239,"Iraq","United States"
"1119",2002,645,0.0336059851637734,666,0.0224912542407598,"Iraq","Israel"
"851",1997,850,0.0336396581656612,900,0.0316699313110302,"Indonesia","Australia"
"1066",2001,710,0.0337175180463336,740,0.0409252277534901,"China","Japan"
"836",1996,365,0.0338327440520334,1000,0.136589140079818,"Russia",NA
"175",1979,645,0.0338546762153967,20,0.0259470004532757,"Iraq","Canada"
"75",1969,660,0.0339257328884632,666,0.0337484563530889,"Lebanon","Israel"
"102",1973,620,0.0341300033450439,666,0.0304831522792423,"Libya","Israel"
"577",1993,750,0.034864229219022,140,0.0355414955039332,"India","Brazil"
"578",1993,750,0.034864229219022,70,0.0331195827943742,"India","Mexico"
"579",1993,750,0.034864229219022,732,0.0319817635233968,"India","South Korea"
"580",1993,750,0.034864229219022,2,0.0298922016879905,"India","United States"
"581",1993,750,0.034864229219022,160,0.0415263999484698,"India","Argentina"
"582",1993,750,0.034864229219022,732,0.0319817635233968,"India","South Korea"
"583",1993,750,0.034864229219022,70,0.0331195827943742,"India","Mexico"
"584",1993,750,0.034864229219022,2,0.0298922016879905,"India","United States"
"585",1993,750,0.034864229219022,140,0.0355414955039332,"India","Brazil"
"586",1993,750,0.034864229219022,160,0.0415263999484698,"India","Argentina"
"587",1993,750,0.034864229219022,140,0.0355414955039332,"India","Brazil"
"588",1993,750,0.034864229219022,2,0.0298922016879905,"India","United States"
"589",1993,750,0.034864229219022,732,0.0319817635233968,"India","South Korea"
"590",1993,750,0.034864229219022,160,0.0415263999484698,"India","Argentina"
"591",1993,750,0.034864229219022,70,0.0331195827943742,"India","Mexico"
"383",1988,2,0.0348675537852257,770,0.0290898650900655,"United States","Pakistan"
"385",1988,2,0.0348675537852257,732,0.030765577066716,"United States","South Korea"
"386",1988,2,0.0348675537852257,732,0.030765577066716,"United States","South Korea"
"389",1988,2,0.0348675537852257,732,0.030765577066716,"United States","South Korea"
"396",1988,2,0.0348675537852257,811,0.0620333152947223,"United States","Cambodia"
"397",1988,2,0.0348675537852257,645,0.0434084180777285,"United States","Iraq"
"398",1988,2,0.0348675537852257,130,0.0344632307712232,"United States","Ecuador"
"399",1988,2,0.0348675537852257,95,0.0341428281722731,"United States","Panama"
"400",1988,2,0.0348675537852257,101,0.0393734415476432,"United States","Venezuela"
"401",1988,2,0.0348675537852257,70,0.0299808279191465,"United States","Mexico"
"402",1988,2,0.0348675537852257,935,0.0791835489990014,"United States","Vanuatu"
"403",1988,2,0.0348675537852257,713,NA,"United States","Taiwan"
"387",1988,200,0.0348914405322416,740,0.0276309138751816,"United Kingdom","Japan"
"390",1988,200,0.0348914405322416,615,0.0323679932284028,"United Kingdom","Algeria"
"392",1988,200,0.0348914405322416,20,0.0299224227907707,"United Kingdom","Canada"
"276",1983,710,0.0352266510064656,2,0.0286492428617185,"China","United States"
"61",1968,315,0.0352791331014675,475,0.0338910999416252,"Czechoslovakia","Nigeria"
"226",1982,365,0.0353321108605501,1000,0.214350503378288,"Russia",NA
"275",1982,365,0.0353321108605501,666,0.0324033080360931,"Russia","Israel"
"159",1977,651,0.0354109049534039,365,0.032919883055633,"Egypt","Russia"
"626",1993,140,0.0355414955039332,2,0.0298922016879905,"Brazil","United States"
"233",1982,640,0.0356311936372672,1000,0.214350503378288,"Turkey",NA
"274",1982,640,0.0356311936372672,220,NA,"Turkey","France"
"204",1980,70,0.0357274320523638,2,0.0277497197404033,"Mexico","United States"
"101",1972,670,0.0363525545140498,2,0.0274252093201951,"Saudi Arabia","United States"
"68",1969,365,0.0363791808616025,260,0.0298413137138651,"Russia",NA
"69",1969,365,0.0363791808616025,260,0.0298413137138651,"Russia",NA
"56",1968,365,0.0364077034213152,315,0.0352791331014675,"Russia","Czechoslovakia"
"59",1968,365,0.0364077034213152,260,0.0302610595708077,"Russia",NA
"166",1978,670,0.0367271884957257,680,0.100572899432608,"Saudi Arabia","Yemen People's Republic"
"170",1978,670,0.0367271884957257,651,0.0532739460839925,"Saudi Arabia","Egypt"
"169",1978,800,0.0367547860568738,2,0.0434268784346696,"Thailand","United States"
"199",1980,630,0.0368886902035194,740,0.027035366598383,"Iran","Japan"
"200",1980,630,0.0368886902035194,900,0.0282053873078574,"Iran","Australia"
"201",1980,630,0.0368886902035194,1000,0.154993794241574,"Iran",NA
"109",1973,670,0.0373422677725129,1000,0.0782271509675692,"Saudi Arabia",NA
"110",1973,670,0.0373422677725129,740,0.0263895277533251,"Saudi Arabia","Japan"
"111",1973,670,0.0373422677725129,210,0.0271910721293439,"Saudi Arabia","Netherlands"
"112",1973,670,0.0373422677725129,390,0.0279762725664541,"Saudi Arabia","Denmark"
"113",1973,670,0.0373422677725129,235,0.0303051841792588,"Saudi Arabia","Portugal"
"114",1973,670,0.0373422677725129,20,0.0287221115147327,"Saudi Arabia","Canada"
"115",1973,670,0.0373422677725129,552,0.0890144670243062,"Saudi Arabia","Zimbabwe"
"116",1973,670,0.0373422677725129,560,NA,"Saudi Arabia","South Africa"
"29",1966,663,0.0374845152666025,666,0.0363235139004729,"Jordan","Israel"
"30",1967,710,0.0375081922506954,235,0.0337035372332951,"China","Portugal"
"47",1967,710,0.0375081922506954,775,0.0403258588844175,"China","Myanmar (Burma)"
"48",1967,365,0.0377571762548131,710,0.0375081922506954,"Russia","China"
"502",1992,2,0.037765924123181,740,0.0377967246989553,"United States","Japan"
"503",1992,2,0.037765924123181,713,NA,"United States","Taiwan"
"504",1992,2,0.037765924123181,850,0.0405059803471759,"United States","Indonesia"
"505",1992,2,0.037765924123181,94,0.0591662763934207,"United States","Costa Rica"
"506",1992,2,0.037765924123181,220,NA,"United States","France"
"507",1992,2,0.037765924123181,100,0.0407576970114896,"United States","Colombia"
"508",1992,2,0.037765924123181,230,0.0380234638796258,"United States","Spain"
"509",1992,2,0.037765924123181,93,0.0663779299680497,"United States","Nicaragua"
"510",1992,2,0.037765924123181,666,0.0572068284009902,"United States","Israel"
"511",1992,2,0.037765924123181,1000,0.232014825751845,"United States",NA
"512",1992,2,0.037765924123181,713,NA,"United States","Taiwan"
"513",1992,2,0.037765924123181,1000,0.232014825751845,"United States",NA
"514",1992,2,0.037765924123181,740,0.0377967246989553,"United States","Japan"
"515",1992,2,0.037765924123181,645,0.0701405140718999,"United States","Iraq"
"517",1992,2,0.037765924123181,750,0.0413949284621799,"United States","India"
"518",1992,2,0.037765924123181,135,0.0528805452320424,"United States","Peru"
"519",1992,2,0.037765924123181,1000,0.232014825751845,"United States",NA
"530",1992,2,0.037765924123181,713,NA,"United States","Taiwan"
"531",1992,2,0.037765924123181,710,0.0511021154888537,"United States","China"
"532",1992,2,0.037765924123181,740,0.0377967246989553,"United States","Japan"
"533",1992,2,0.037765924123181,93,0.0663779299680497,"United States","Nicaragua"
"534",1992,2,0.037765924123181,732,0.037560636120619,"United States","South Korea"
"535",1992,2,0.037765924123181,373,NA,"United States","Azerbaijan"
"536",1992,2,0.037765924123181,732,0.037560636120619,"United States","South Korea"
"537",1992,2,0.037765924123181,713,NA,"United States","Taiwan"
"538",1992,2,0.037765924123181,850,0.0405059803471759,"United States","Indonesia"
"539",1992,2,0.037765924123181,220,NA,"United States","France"
"540",1992,2,0.037765924123181,140,0.0422056097759774,"United States","Brazil"
"541",1992,2,0.037765924123181,255,0.038287528437467,"United States","Germany"
"542",1992,2,0.037765924123181,305,0.050981331799969,"United States","Austria"
"543",1992,2,0.037765924123181,732,0.037560636120619,"United States","South Korea"
"544",1992,2,0.037765924123181,70,0.0386420143595737,"United States","Mexico"
"545",1992,2,0.037765924123181,380,0.0508070048298599,"United States","Sweden"
"546",1992,2,0.037765924123181,920,0.040369212715441,"United States","New Zealand"
"547",1992,2,0.037765924123181,200,0.0505072448942298,"United States","United Kingdom"
"548",1992,2,0.037765924123181,230,0.0380234638796258,"United States","Spain"
"549",1992,2,0.037765924123181,325,NA,"United States","Italy"
"550",1992,2,0.037765924123181,211,NA,"United States","Belgium"
"551",1992,2,0.037765924123181,740,0.0377967246989553,"United States","Japan"
"552",1992,2,0.037765924123181,20,0.0384887153360873,"United States","Canada"
"554",1992,2,0.037765924123181,1000,0.232014825751845,"United States",NA
"555",1992,2,0.037765924123181,20,0.0384887153360873,"United States","Canada"
"556",1992,2,0.037765924123181,220,NA,"United States","France"
"557",1992,2,0.037765924123181,255,0.038287528437467,"United States","Germany"
"558",1992,2,0.037765924123181,140,0.0422056097759774,"United States","Brazil"
"559",1992,2,0.037765924123181,732,0.037560636120619,"United States","South Korea"
"565",1992,2,0.037765924123181,750,0.0413949284621799,"United States","India"
"566",1992,2,0.037765924123181,771,0.0424949224435795,"United States","Bangladesh"
"572",1992,740,0.0377967246989553,710,0.0511021154888537,"Japan","China"
"501",1992,255,0.038287528437467,290,0.052170466347442,"Germany","Poland"
"562",1992,20,0.0384887153360873,710,0.0511021154888537,"Canada","China"
"563",1992,20,0.0384887153360873,713,NA,"Canada","Taiwan"
"568",1992,70,0.0386420143595737,205,0.0511898540108427,"Mexico","Ireland"
"571",1992,70,0.0386420143595737,230,0.0380234638796258,"Mexico","Spain"
"74",1969,92,0.0387952176393767,91,0.0391539327462228,"El Salvador","Honduras"
"67",1969,483,0.0390155594207321,482,0.0393166434176214,"Chad","Central African Republic"
"72",1969,91,0.0391539327462228,92,0.0387952176393767,"Honduras","El Salvador"
"66",1969,482,0.0393166434176214,483,0.0390155594207321,"Central African Republic","Chad"
"837",1996,510,0.0397831151561477,516,0.0334487365120934,"Tanzania","Burundi"
"104",1973,551,0.0399965441687794,552,0.0890144670243062,"Zambia","Zimbabwe"
"260",1982,338,0.0401087845045089,390,0.0278476590630111,"Malta","Denmark"
"261",1982,338,0.0401087845045089,220,NA,"Malta","France"
"262",1982,338,0.0401087845045089,325,NA,"Malta","Italy"
"263",1982,338,0.0401087845045089,225,NA,"Malta","Switzerland"
"264",1982,338,0.0401087845045089,310,0.0308507081539548,"Malta","Hungary"
"265",1982,338,0.0401087845045089,230,0.0280350111655399,"Malta","Spain"
"266",1982,338,0.0401087845045089,350,0.0283905561491086,"Malta","Greece"
"267",1982,338,0.0401087845045089,140,0.0342190743861482,"Malta","Brazil"
"853",1997,140,0.0404032040459699,1000,0.218868364219613,"Brazil",NA
"852",1997,365,0.0408636797072372,316,NA,"Russia","Czechia"
"1056",2001,2,0.0409274814064926,369,0.0434796281634559,"United States","Ukraine"
"1057",2001,2,0.0409274814064926,710,0.0337175180463336,"United States","China"
"1058",2001,2,0.0409274814064926,434,0.0303807357175596,"United States","Benin"
"1059",2001,2,0.0409274814064926,731,0.0444661336056093,"United States","North Korea"
"1060",2001,2,0.0409274814064926,345,NA,"United States","Yugoslavia"
"1061",2001,2,0.0409274814064926,800,0.0422373286571188,"United States","Thailand"
"1062",2001,2,0.0409274814064926,20,0.0318557228143038,"United States","Canada"
"1063",2001,2,0.0409274814064926,20,0.0318557228143038,"United States","Canada"
"1064",2001,2,0.0409274814064926,710,0.0337175180463336,"United States","China"
"1067",2001,2,0.0409274814064926,232,0.0380630783654572,"United States","Andorra"
"1068",2001,2,0.0409274814064926,150,0.0579241382362199,"United States","Paraguay"
"1076",2001,2,0.0409274814064926,58,0.0436780680064865,"United States","Antigua & Barbuda"
"1077",2001,2,0.0409274814064926,390,0.0329476500219416,"United States","Denmark"
"1083",2001,2,0.0409274814064926,775,0.0513522281635286,"United States","Myanmar (Burma)"
"1085",2001,2,0.0409274814064926,380,0.041328659941113,"United States","Sweden"
"1088",2001,2,0.0409274814064926,160,0.034981587190082,"United States","Argentina"
"1089",2001,2,0.0409274814064926,560,0.0424669568009204,"United States","South Africa"
"1091",2001,2,0.0409274814064926,475,0.0524854671073556,"United States","Nigeria"
"1092",2001,2,0.0409274814064926,223,NA,"United States","Liechtenstein"
"1093",2001,2,0.0409274814064926,482,0.0537522106811626,"United States","Central African Republic"
"1094",2001,2,0.0409274814064926,225,NA,"United States","Switzerland"
"1095",2001,2,0.0409274814064926,135,0.0467767773701398,"United States","Peru"
"1097",2001,2,0.0409274814064926,338,0.0489379312861533,"United States","Malta"
"1098",2001,2,0.0409274814064926,750,0.0411567837644551,"United States","India"
"1099",2001,2,0.0409274814064926,850,0.0418008607408938,"United States","Indonesia"
"1102",2001,2,0.0409274814064926,349,0.0463983834985548,"United States","Slovenia"
"1100",2001,200,0.0409333481286187,220,NA,"United Kingdom","France"
"285",1983,630,0.0410735590242868,220,NA,"Iran","France"
"1101",2001,750,0.0411567837644551,770,0.044303294126404,"India","Pakistan"
"11",1964,850,0.0411585752613195,2,0.0330594013091057,"Indonesia","United States"
"218",1981,660,0.0417023271530783,666,0.0381349901154423,"Lebanon","Israel"
"8",1963,850,0.0420053312987194,820,NA,"Indonesia","Malaysia"
"516",1992,140,0.0422056097759774,1000,0.232014825751845,"Brazil",NA
"567",1992,140,0.0422056097759774,2,0.037765924123181,"Brazil","United States"
"22",1965,850,0.0423303518793757,817,0.0402796094098991,"Indonesia","Republic of Vietnam"
"219",1981,475,0.0423980694524482,2,0.0286616723788942,"Nigeria","United States"
"1086",2001,310,0.0427489288358463,365,0.0447329763638956,"Hungary","Russia"
"17",1965,651,0.0428054128169457,260,0.0326931204008357,"Egypt",NA
"18",1965,651,0.0428054128169457,260,0.0326931204008357,"Egypt",NA
"329",1985,645,0.0430083817689114,666,0.0333773811344419,"Iraq","Israel"
"1087",2001,640,0.0430616742689056,369,0.0434796281634559,"Turkey","Ukraine"
"225",1981,645,0.0433235190312631,666,0.0381349901154423,"Iraq","Israel"
"164",1978,2,0.0434268784346696,750,0.0449433490670297,"United States","India"
"167",1978,2,0.0434268784346696,365,0.0454443197721829,"United States","Russia"
"168",1978,2,0.0434268784346696,145,0.0356576869228996,"United States","Bolivia"
"38",1967,670,0.0438724605166895,652,0.044673038130932,"Saudi Arabia","Syria"
"497",1991,70,0.0441423913121071,2,0.0581543558569483,"Mexico","United States"
"499",1991,70,0.0441423913121071,2,0.0581543558569483,"Mexico","United States"
"165",1978,710,0.0441742265019467,816,0.0678914270602325,"China","Vietnam"
"214",1981,690,0.0442196577025617,2,0.0286616723788942,"Kuwait","United States"
"32",1967,652,0.044673038130932,670,0.0438724605166895,"Syria","Saudi Arabia"
"471",1991,20,0.0447108477161496,160,0.0587599422734458,"Canada","Argentina"
"472",1991,20,0.0447108477161496,750,0.0472908312298476,"Canada","India"
"473",1991,20,0.0447108477161496,360,0.0516918344641988,"Canada","Romania"
"474",1991,20,0.0447108477161496,800,0.0456881836808979,"Canada","Thailand"
"475",1991,20,0.0447108477161496,101,0.0618232796624976,"Canada","Venezuela"
"476",1991,20,0.0447108477161496,713,NA,"Canada","Taiwan"
"210",1981,620,0.0449770010355044,220,NA,"Libya","France"
"78",1969,652,0.0460383867476253,660,0.0339257328884632,"Syria","Lebanon"
"467",1991,732,0.0465649876567601,2,0.0581543558569483,"South Korea","United States"
"35",1967,690,0.0473826377403801,200,0.0303023604372221,"Kuwait","United Kingdom"
"36",1967,690,0.0473826377403801,2,0.0311442620655641,"Kuwait","United States"
"37",1967,690,0.0473826377403801,220,NA,"Kuwait","France"
"1074",2001,670,0.0492443655704133,666,0.0419456911071287,"Saudi Arabia","Israel"
"423",1990,20,0.0496975347259592,713,NA,"Canada","Taiwan"
"424",1990,20,0.0496975347259592,710,0.0651902935618461,"Canada","China"
"425",1990,20,0.0496975347259592,140,0.0529731510887955,"Canada","Brazil"
"426",1990,20,0.0496975347259592,290,0.0668623391594391,"Canada","Poland"
"427",1990,20,0.0496975347259592,360,0.0578530488192126,"Canada","Romania"
"428",1990,20,0.0496975347259592,345,0.0675085182823446,"Canada","Yugoslavia"
"564",1992,710,0.0511021154888537,816,0.0600328678111679,"China","Vietnam"
"553",1992,365,0.0520638147786773,366,NA,"Russia","Estonia"
"451",1990,140,0.0529731510887955,160,0.0645708193869254,"Brazil","Argentina"
"459",1991,200,0.057855280734584,710,0.0591845748840614,"United Kingdom","China"
"457",1991,2,0.0581543558569483,70,0.0441423913121071,"United States","Mexico"
"458",1991,2,0.0581543558569483,130,0.0660500064646724,"United States","Ecuador"
"461",1991,2,0.0581543558569483,740,0.0441721801192358,"United States","Japan"
"462",1991,2,0.0581543558569483,690,0.0645685706841616,"United States","Kuwait"
"463",1991,2,0.0581543558569483,670,0.0616357701758123,"United States","Saudi Arabia"
"464",1991,2,0.0581543558569483,740,0.0441721801192358,"United States","Japan"
"465",1991,2,0.0581543558569483,255,NA,"United States","Germany"
"466",1991,2,0.0581543558569483,740,0.0441721801192358,"United States","Japan"
"468",1991,2,0.0581543558569483,710,0.0591845748840614,"United States","China"
"469",1991,2,0.0581543558569483,850,0.0461942115771219,"United States","Indonesia"
"470",1991,2,0.0581543558569483,750,0.0472908312298476,"United States","India"
"477",1991,2,0.0581543558569483,740,0.0441721801192358,"United States","Japan"
"479",1991,2,0.0581543558569483,740,0.0441721801192358,"United States","Japan"
"482",1991,2,0.0581543558569483,732,0.0465649876567601,"United States","South Korea"
"483",1991,2,0.0581543558569483,713,NA,"United States","Taiwan"
"484",1991,2,0.0581543558569483,713,NA,"United States","Taiwan"
"486",1991,2,0.0581543558569483,710,0.0591845748840614,"United States","China"
"487",1991,2,0.0581543558569483,731,0.0641365660103033,"United States","North Korea"
"488",1991,2,0.0581543558569483,740,0.0441721801192358,"United States","Japan"
"493",1991,2,0.0581543558569483,740,0.0441721801192358,"United States","Japan"
"495",1991,2,0.0581543558569483,41,0.0920275554119639,"United States","Haiti"
"496",1991,2,0.0581543558569483,740,0.0441721801192358,"United States","Japan"
"498",1991,2,0.0581543558569483,740,0.0441721801192358,"United States","Japan"
"480",1991,710,0.0591845748840614,2,0.0581543558569483,"China","United States"
"478",1991,670,0.0616357701758123,666,0.0627966932921023,"Saudi Arabia","Israel"
"1212",2005,1000,0.062172638703222,461,0.0341076735625475,NA,"Togo"
"1220",2005,1000,0.062172638703222,325,NA,NA,"Italy"
"429",1990,2,0.0644118894549565,740,0.0499891361271439,"United States","Japan"
"433",1990,2,0.0644118894549565,713,NA,"United States","Taiwan"
"434",1990,2,0.0644118894549565,732,0.0512945540295817,"United States","South Korea"
"435",1990,2,0.0644118894549565,365,0.0718704634691748,"United States","Russia"
"437",1990,2,0.0644118894549565,740,0.0499891361271439,"United States","Japan"
"441",1990,2,0.0644118894549565,740,0.0499891361271439,"United States","Japan"
"443",1990,2,0.0644118894549565,645,0.0732413805815994,"United States","Iraq"
"444",1990,2,0.0644118894549565,645,0.0732413805815994,"United States","Iraq"
"445",1990,2,0.0644118894549565,663,0.0707401450883998,"United States","Jordan"
"446",1990,2,0.0644118894549565,70,0.0652769755514751,"United States","Mexico"
"453",1990,2,0.0644118894549565,90,0.0708436687401163,"United States","Guatemala"
"454",1990,2,0.0644118894549565,800,0.0509665807584059,"United States","Thailand"
"455",1990,2,0.0644118894549565,1000,0.505573780174085,"United States",NA
"456",1990,2,0.0644118894549565,385,NA,"United States","Norway"
"452",1990,345,0.0675085182823446,349,NA,"Yugoslavia","Slovenia"
"1137",2002,1000,0.0686508544399512,225,NA,NA,"Switzerland"
"1148",2002,1000,0.0686508544399512,235,0.0215955505200956,NA,"Portugal"
"1161",2002,1000,0.0686508544399512,220,NA,NA,"France"
"1162",2002,1000,0.0686508544399512,255,0.020038954423779,NA,"Germany"
"1167",2002,1000,0.0686508544399512,438,0.023580037253869,NA,"Guinea"
"431",1990,365,0.0718704634691748,368,NA,"Russia","Lithuania"
"436",1990,365,0.0718704634691748,367,NA,"Russia","Latvia"
"447",1990,365,0.0718704634691748,366,NA,"Russia","Estonia"
"448",1990,365,0.0718704634691748,368,NA,"Russia","Lithuania"
"179",1979,552,0.0732201975451651,551,0.0308638216262011,"Zimbabwe","Zambia"
"1069",2001,645,0.0737783147957446,652,0.0483374257845094,"Iraq","Syria"
"1070",2001,645,0.0737783147957446,663,0.0627335479860524,"Iraq","Jordan"
"1071",2001,645,0.0737783147957446,640,0.0430616742689056,"Iraq","Turkey"
"1072",2001,645,0.0737783147957446,640,0.0430616742689056,"Iraq","Turkey"
"1073",2001,645,0.0737783147957446,663,0.0627335479860524,"Iraq","Jordan"
"86",1970,552,0.0825455551133489,551,0.0432015637164412,"Zimbabwe","Zambia"
"408",1989,260,0.0837102438588897,740,0.0884872920854433,NA,"Japan"
"417",1989,260,0.0837102438588897,740,0.0884872920854433,NA,"Japan"
"418",1989,260,0.0837102438588897,740,0.0884872920854433,NA,"Japan"
"1194",2004,1000,0.0844627099708438,365,0.0225810652970067,NA,"Russia"
"1196",2004,1000,0.0844627099708438,704,0.0305307702109709,NA,"Uzbekistan"
"1198",2004,1000,0.0844627099708438,370,0.0258492568248458,NA,"Belarus"
"1203",2004,1000,0.0844627099708438,370,0.0258492568248458,NA,"Belarus"
"1205",2004,1000,0.0844627099708438,2,0.021946886439672,NA,"United States"
"1207",2004,1000,0.0844627099708438,781,0.0285279680739948,NA,"Maldives"
"1210",2004,1000,0.0844627099708438,350,0.0236970910859772,NA,"Greece"
"103",1973,552,0.0890144670243062,551,0.0399965441687794,"Zimbabwe","Zambia"
"1010",2000,1000,0.0909910522676951,983,0.0701503145211155,NA,"Marshall Islands"
"1011",2000,1000,0.0909910522676951,56,0.0427574311302593,NA,"St. Lucia"
"1012",2000,1000,0.0909910522676951,58,0.0274132758414419,NA,"Antigua & Barbuda"
"1013",2000,1000,0.0909910522676951,80,0.0272130958414539,NA,"Belize"
"1015",2000,1000,0.0909910522676951,692,0.0307102770958077,NA,"Bahrain"
"1016",2000,1000,0.0909910522676951,54,0.027434886822546,NA,"Dominica"
"1017",2000,1000,0.0909910522676951,55,0.0362176794977658,NA,"Grenada"
"1018",2000,1000,0.0909910522676951,450,0.0345791016057887,NA,"Liberia"
"1019",2000,1000,0.0909910522676951,53,0.0317170766182123,NA,"Barbados"
"1024",2000,1000,0.0909910522676951,31,0.0278650166910303,NA,"Bahamas"
"1025",2000,1000,0.0909910522676951,60,0.0288613937900956,NA,"St. Kitts & Nevis"
"1026",2000,1000,0.0909910522676951,95,0.0269766066002097,NA,"Panama"
"1027",2000,1000,0.0909910522676951,955,0.0484374773111002,NA,"Tonga"
"1028",2000,1000,0.0909910522676951,935,0.046980175742789,NA,"Vanuatu"
"1029",2000,1000,0.0909910522676951,221,0.0909910522676951,NA,"Monaco"
"1030",2000,1000,0.0909910522676951,223,NA,NA,"Liechtenstein"
"1031",2000,1000,0.0909910522676951,591,0.0288318059752806,NA,"Seychelles"
"1032",2000,1000,0.0909910522676951,990,0.0513884331073049,NA,"Samoa"
"1033",2000,1000,0.0909910522676951,57,0.0288583723652735,NA,"St. Vincent & Grenadines"
"1049",2000,1000,0.0909910522676951,232,0.0272140539964925,NA,"Andorra"
"90",1970,1000,0.0915088067205066,2,0.0298483546136097,NA,"United States"
"412",1989,750,0.0918197248094841,790,0.136783911551163,"India","Nepal"
"1176",2003,1000,0.0925979764784535,2,0.0238741966867443,NA,"United States"
"391",1989,2,0.110585128438545,740,0.0884872920854433,"United States","Japan"
"409",1989,2,0.110585128438545,732,0.0858491707163873,"United States","South Korea"
"410",1989,2,0.110585128438545,1000,NA,"United States",NA
"411",1989,2,0.110585128438545,630,0.122482927757852,"United States","Iran"
"413",1989,2,0.110585128438545,651,0.11301796115131,"United States","Egypt"
"414",1989,2,0.110585128438545,20,0.110948095137081,"United States","Canada"
"415",1989,2,0.110585128438545,750,0.0918197248094841,"United States","India"
"416",1989,2,0.110585128438545,710,0.11997187625074,"United States","China"
"419",1989,2,0.110585128438545,732,0.0858491707163873,"United States","South Korea"
"420",1989,2,0.110585128438545,732,0.0858491707163873,"United States","South Korea"
"421",1989,2,0.110585128438545,713,NA,"United States","Taiwan"
"422",1989,2,0.110585128438545,20,0.110948095137081,"United States","Canada"
"964",1999,1000,0.13131509740217,850,0.0240881324711207,NA,"Indonesia"
"968",1999,1000,0.13131509740217,365,0.0256572459610226,NA,"Russia"
"1084",2001,1000,0.185874120469554,343,NA,NA,"North Macedonia"
"1096",2001,1000,0.185874120469554,666,0.0419456911071287,NA,"Israel"
"118",1973,516,0.195335972337893,666,0.0304831522792423,"Burundi","Israel"
"119",1973,516,0.195335972337893,2,0.0292420100030589,"Burundi","United States"
"120",1973,516,0.195335972337893,200,0.0269752452211162,"Burundi","United Kingdom"
"121",1973,516,0.195335972337893,220,NA,"Burundi","France"
"122",1973,516,0.195335972337893,260,0.0269825128774953,"Burundi",NA
"123",1973,516,0.195335972337893,740,0.0263895277533251,"Burundi","Japan"
"855",1997,1000,0.218868364219613,710,0.032330357205347,NA,"China"
"856",1997,1000,0.218868364219613,651,0.0415599622751813,NA,"Egypt"
"857",1997,1000,0.218868364219613,750,0.0328608221018972,NA,"India"
"858",1997,1000,0.218868364219613,640,0.0322867941538416,NA,"Turkey"
"859",1997,1000,0.218868364219613,770,0.0406389235327353,NA,"Pakistan"
"860",1997,1000,0.218868364219613,850,0.0336396581656612,NA,"Indonesia"
"673",1994,1000,0.221297151457969,625,NA,NA,"Sudan"
"500",1992,1000,0.232014825751845,461,0.0713411156400604,NA,"Togo"
"14",1965,220,NA,615,0.045457046201582,"France","Algeria"
"27",1965,552,NA,200,0.0318203732414813,"Zimbabwe","United Kingdom"
"39",1967,220,NA,663,0.0370862689794933,"France","Jordan"
"40",1967,220,NA,651,0.0336825954840205,"France","Egypt"
"41",1967,220,NA,652,0.044673038130932,"France","Syria"
"42",1967,220,NA,666,0.0347180344759304,"France","Israel"
"73",1969,NA,NA,92,0.0387952176393767,NA,"El Salvador"
"89",1970,NA,NA,666,0.0336150529846259,NA,"Israel"
"138",1976,NA,NA,666,0.0293654762841213,NA,"Israel"
"139",1976,NA,NA,220,NA,NA,"France"
"183",1979,NA,NA,101,0.0291068642458927,NA,"Venezuela"
"184",1979,NA,NA,130,0.0314527656827049,NA,"Ecuador"
"185",1979,NA,NA,165,0.0313504594461411,NA,"Uruguay"
"186",1979,NA,NA,155,0.0293456207122617,NA,"Chile"
"187",1979,NA,NA,210,0.0279396317239043,NA,"Netherlands"
"188",1979,NA,NA,100,0.0283799004076776,NA,"Colombia"
"189",1979,NA,NA,92,0.0320307975190168,NA,"El Salvador"
"190",1979,NA,NA,42,0.0319596474702456,NA,"Dominican Republic"
"191",1979,NA,NA,94,0.030364796012743,NA,"Costa Rica"
"192",1979,NA,NA,95,0.0304590358414335,NA,"Panama"
"193",1979,NA,NA,145,0.0304742270106121,NA,"Bolivia"
"194",1979,NA,NA,90,0.0305516365466023,NA,"Guatemala"
"195",1979,NA,NA,41,0.0334070035532631,NA,"Haiti"
"211",1981,NA,NA,666,0.0381349901154423,NA,"Israel"
"216",1981,NA,NA,2,0.0286616723788942,NA,"United States"
"217",1981,625,NA,620,0.0449770010355044,"Sudan","Libya"
"220",1981,220,NA,325,NA,"France","Italy"
"227",1982,NA,NA,365,0.0353321108605501,NA,"Russia"
"230",1982,713,NA,740,0.027248815324054,"Taiwan","Japan"
"238",1982,NA,NA,2,0.0277715010332216,NA,"United States"
"248",1982,NA,NA,713,NA,NA,"Taiwan"
"249",1982,NA,NA,750,0.0302137753997366,NA,"India"
"255",1982,NA,NA,100,0.0307609366080548,NA,"Colombia"
"256",1982,NA,NA,345,0.0349881439806109,NA,"Yugoslavia"
"257",1982,NA,NA,651,0.0302477838576352,NA,"Egypt"
"258",1982,NA,NA,160,0.032477952281013,NA,"Argentina"
"289",1983,220,NA,2,0.0286492428617185,"France","United States"
"319",1985,325,NA,2,0.0282841600294859,"Italy","United States"
"338",1986,NA,NA,2,0.0275101313807592,NA,"United States"
"344",1986,NA,NA,365,0.0350475726303627,NA,"Russia"
"353",1986,325,NA,20,0.0288464120748852,"Italy","Canada"
"354",1987,NA,NA,732,0.0285424549457111,NA,"South Korea"
"375",1987,713,NA,2,0.0268679751042435,"Taiwan","United States"
"377",1987,NA,NA,732,0.0285424549457111,NA,"South Korea"
"394",1988,NA,NA,732,0.030765577066716,NA,"South Korea"
"395",1988,NA,NA,740,0.0276309138751816,NA,"Japan"
"405",1989,NA,NA,2,0.110585128438545,NA,"United States"
"406",1989,NA,NA,740,0.0884872920854433,NA,"Japan"
"407",1989,NA,NA,732,0.0858491707163873,NA,"South Korea"
"430",1990,255,NA,740,0.0499891361271439,"Germany","Japan"
"432",1990,368,NA,365,0.0718704634691748,"Lithuania","Russia"
"438",1990,NA,NA,2,0.0644118894549565,NA,"United States"
"439",1990,255,NA,710,0.0651902935618461,"Germany","China"
"440",1990,255,NA,800,0.0509665807584059,"Germany","Thailand"
"442",1990,255,NA,740,0.0499891361271439,"Germany","Japan"
"449",1990,255,NA,740,0.0499891361271439,"Germany","Japan"
"450",1990,255,NA,740,0.0499891361271439,"Germany","Japan"
"460",1991,255,NA,710,0.0591845748840614,"Germany","China"
"481",1991,255,NA,710,0.0591845748840614,"Germany","China"
"485",1991,373,NA,371,NA,"Azerbaijan","Armenia"
"489",1991,NA,NA,365,0.0604420282846147,NA,"Russia"
"490",1991,NA,NA,20,0.0447108477161496,NA,"Canada"
"491",1991,NA,NA,2,0.0581543558569483,NA,"United States"
"492",1991,255,NA,345,0.0618090367080075,"Germany","Yugoslavia"
"494",1991,255,NA,640,0.0466644556805763,"Germany","Turkey"
"520",1992,NA,NA,70,0.0386420143595737,NA,"Mexico"
"521",1992,NA,NA,100,0.0407576970114896,NA,"Colombia"
"522",1992,NA,NA,90,0.0535400997814879,NA,"Guatemala"
"523",1992,NA,NA,130,0.0425596832288285,NA,"Ecuador"
"524",1992,NA,NA,91,0.0580276865677911,NA,"Honduras"
"525",1992,NA,NA,95,0.0546946190045302,NA,"Panama"
"526",1992,NA,NA,42,0.0606120994931787,NA,"Dominican Republic"
"527",1992,NA,NA,93,0.0663779299680497,NA,"Nicaragua"
"528",1992,NA,NA,101,0.0557159209622128,NA,"Venezuela"
"529",1992,NA,NA,94,0.0591662763934207,NA,"Costa Rica"
"560",1992,371,NA,373,NA,"Armenia","Azerbaijan"
"561",1992,220,NA,2,0.037765924123181,"France","United States"
"569",1992,NA,NA,2,0.037765924123181,NA,"United States"
"570",1992,NA,NA,305,0.050981331799969,NA,"Austria"
"621",1993,345,NA,360,0.0346990505383123,"Yugoslavia","Romania"
"644",1993,NA,NA,2,0.0298922016879905,NA,"United States"
"649",1993,NA,NA,2,0.0298922016879905,NA,"United States"
"663",1994,NA,NA,2,0.0275323601207006,NA,"United States"
"675",1994,NA,NA,732,0.0292101740328086,NA,"South Korea"
"676",1994,NA,NA,740,0.0277881439314298,NA,"Japan"
"677",1994,NA,NA,710,0.0286964316791238,NA,"China"
"678",1994,NA,NA,713,NA,NA,"Taiwan"
"682",1994,325,NA,20,0.0287614298591624,"Italy","Canada"
"706",1994,713,NA,740,0.0277881439314298,"Taiwan","Japan"
"709",1994,345,NA,346,0.0558237780029573,"Yugoslavia","Bosnia & Herzegovina"
"725",1994,NA,NA,346,0.0558237780029573,NA,"Bosnia & Herzegovina"
"729",1994,713,NA,140,0.0311647441866503,"Taiwan","Brazil"
"730",1994,713,NA,20,0.0287614298591624,"Taiwan","Canada"
"731",1994,713,NA,2,0.0275323601207006,"Taiwan","United States"
"732",1994,713,NA,850,0.0314421286015128,"Taiwan","Indonesia"
"733",1994,713,NA,140,0.0311647441866503,"Taiwan","Brazil"
"752",1995,NA,NA,20,0.0248581194263169,NA,"Canada"
"796",1995,NA,NA,710,0.0258179511757956,NA,"China"
"799",1995,NA,NA,732,0.0257793109017758,NA,"South Korea"
"819",1996,220,NA,200,0.0324305340933057,"France","United Kingdom"
"827",1996,220,NA,2,0.0322928789463001,"France","United States"
"847",1996,220,NA,225,NA,"France","Switzerland"
"848",1997,NA,NA,385,NA,NA,"Norway"
"863",1997,NA,NA,365,0.0408636797072372,NA,"Russia"
"878",1997,NA,NA,710,0.032330357205347,NA,"China"
"879",1997,NA,NA,740,0.0303700045008788,NA,"Japan"
"880",1997,NA,NA,732,0.0311589429903816,NA,"South Korea"
"881",1997,NA,NA,820,0.0405828811342915,NA,"Malaysia"
"882",1997,NA,NA,830,0.0403739497956659,NA,"Singapore"
"883",1997,NA,NA,713,NA,NA,"Taiwan"
"884",1997,NA,NA,800,0.04024248254968,NA,"Thailand"
"892",1997,NA,NA,385,NA,NA,"Norway"
"969",1999,NA,NA,900,0.0241121416389396,NA,"Australia"
"986",2000,220,NA,232,0.0272140539964925,"France","Andorra"
"987",2000,220,NA,212,0.0263441811205435,"France","Luxembourg"
"1006",2000,NA,NA,365,0.02436292776593,NA,"Russia"
"1007",2000,NA,NA,660,0.0234367323812788,NA,"Lebanon"
"1008",2000,NA,NA,666,0.0247257877629316,NA,"Israel"
"1040",2000,NA,NA,2,0.0224778849544742,NA,"United States"
"1078",2001,NA,NA,475,0.0524854671073556,NA,"Nigeria"
"1079",2001,NA,NA,310,0.0427489288358463,NA,"Hungary"
"1080",2001,NA,NA,651,0.044133732742432,NA,"Egypt"
"1081",2001,NA,NA,850,0.0418008607408938,NA,"Indonesia"
"1082",2001,NA,NA,90,0.0537652596831613,NA,"Guatemala"
"1090",2001,NA,NA,552,0.0528250285884147,NA,"Zimbabwe"
"1129",2002,316,NA,310,0.0219670557114917,"Czechia","Hungary"
